bug_id,test_path,success,test_length,clus_size_output_fib,num_fib_tests,is_crash,actual_crash,actual_value_match,exception_type_match,test_exception_type_match
Lang_4,Lang_4_n1.txt,True,64,9,3,False,False,True,False,False
Lang_4,Lang_4_n7.txt,True,57,9,1,False,False,True,False,False
Lang_4,Lang_4_n3.txt,True,64,9,1,False,False,True,False,False
Lang_4,Lang_4_n2.txt,True,64,9,1,False,False,True,False,False
Lang_4,Lang_4_n5.txt,True,59,9,1,False,False,True,False,False
Lang_4,Lang_4_n6.txt,True,59,1,1,False,False,True,False,False
Lang_4,Lang_4_n9.txt,True,69,9,1,False,False,True,False,False
Lang_4,Lang_4_n8.txt,True,64,9,1,False,False,True,False,False
Lang_8,Lang_8_n10.txt,False,61,1,1,False,False,False,False,False
Lang_8,Lang_8_n2.txt,False,52,3,1,False,False,False,False,False
Lang_8,Lang_8_n5.txt,True,81,3,1,False,False,False,False,False
Lang_8,Lang_8_n7.txt,True,58,1,1,False,False,False,False,False
Lang_8,Lang_8_n8.txt,True,85,1,1,False,False,False,False,False
Lang_8,Lang_8_n9.txt,True,64,3,1,False,False,False,False,False
Time_15,Time_15_n6.txt,True,49,2,2,True,False,False,False,False
Time_15,Time_15_n7.txt,True,44,3,2,True,False,False,False,False
Time_15,Time_15_n3.txt,True,55,1,1,True,False,False,False,False
Time_15,Time_15_n4.txt,True,58,1,1,True,False,False,False,False
Time_15,Time_15_n10.txt,True,45,1,1,True,False,False,False,False
Time_15,Time_15_n2.txt,True,61,3,1,True,False,False,False,False
Time_15,Time_15_n1.txt,True,57,1,1,True,False,False,False,False
Lang_15,Lang_15_n5.txt,True,95,10,9,False,True,False,False,False
Lang_15,Lang_15_n4.txt,True,101,10,1,False,True,False,False,False
Chart_9,Chart_9_n10.txt,True,232,1,1,True,False,False,False,True
Chart_9,Chart_9_n3.txt,True,222,1,1,True,False,False,False,True
Chart_9,Chart_9_n1.txt,True,222,1,1,True,False,False,False,True
Chart_9,Chart_9_n9.txt,True,239,1,1,True,False,False,False,True
Chart_9,Chart_9_n6.txt,True,222,1,1,True,False,False,False,True
Chart_9,Chart_9_n2.txt,True,227,1,1,True,False,False,False,True
Chart_9,Chart_9_n8.txt,True,228,1,1,True,False,False,False,True
Chart_9,Chart_9_n5.txt,True,233,1,1,True,False,False,False,True
Chart_9,Chart_9_n7.txt,True,228,1,1,True,False,False,False,True
Time_7,Time_7_n3.txt,True,88,10,1,False,True,False,False,False
Time_7,Time_7_n4.txt,True,98,10,9,False,True,False,False,False
Chart_5,Chart_5_n2.txt,False,121,4,1,False,False,False,False,False
Chart_5,Chart_5_n5.txt,True,85,5,1,False,True,False,False,False
Chart_5,Chart_5_n6.txt,False,121,4,1,False,False,False,False,False
Chart_5,Chart_5_n3.txt,False,85,4,1,False,False,False,False,False
Chart_5,Chart_5_n8.txt,True,83,5,1,False,True,False,False,False
Chart_5,Chart_5_n1.txt,True,71,5,1,False,True,False,False,False
Chart_5,Chart_5_n7.txt,False,85,4,1,False,False,False,False,False
Chart_5,Chart_5_n10.txt,False,159,1,1,False,True,False,False,False
Chart_5,Chart_5_n4.txt,True,85,5,1,False,True,False,False,False
Chart_5,Chart_5_n9.txt,True,83,5,1,False,True,False,False,False
Lang_9,Lang_9_n6.txt,False,60,1,1,False,False,False,False,False
Lang_9,Lang_9_n2.txt,False,50,3,2,False,False,False,False,False
Lang_9,Lang_9_n10.txt,False,60,3,1,False,False,False,False,False
Lang_9,Lang_9_n1.txt,False,50,1,1,False,False,False,False,False
Lang_9,Lang_9_n4.txt,False,91,2,1,False,True,False,False,False
Lang_9,Lang_9_n5.txt,False,86,2,1,False,True,False,False,False
Lang_9,Lang_9_n3.txt,False,50,1,1,False,False,False,False,False
Lang_9,Lang_9_n7.txt,False,49,1,1,False,False,False,False,False
Lang_39,Lang_39_n5.txt,False,70,1,1,True,False,False,False,False
Lang_39,Lang_39_n6.txt,True,63,1,1,True,False,False,False,False
Lang_39,Lang_39_n9.txt,False,70,1,1,True,False,False,False,False
Lang_39,Lang_39_n2.txt,False,55,1,1,True,True,False,False,False
Lang_39,Lang_39_n4.txt,False,70,1,1,True,False,False,False,False
Lang_39,Lang_39_n10.txt,False,70,1,1,True,False,False,False,False
Lang_27,Lang_27_n7.txt,True,41,5,3,True,False,False,False,True
Lang_27,Lang_27_n5.txt,True,41,2,1,True,False,False,False,True
Lang_27,Lang_27_n6.txt,True,41,1,1,True,False,False,False,True
Lang_27,Lang_27_n8.txt,True,41,2,1,True,False,False,False,True
Lang_27,Lang_27_n1.txt,True,41,1,1,True,False,False,False,True
Lang_27,Lang_27_n4.txt,True,41,1,1,True,False,False,False,True
Lang_27,Lang_27_n10.txt,True,41,5,1,True,False,False,False,True
Lang_27,Lang_27_n2.txt,True,41,5,1,True,False,False,False,True
Time_13,Time_13_n4.txt,True,33,10,2,False,False,True,False,False
Time_13,Time_13_n10.txt,True,28,10,6,False,False,True,False,False
Time_13,Time_13_n3.txt,True,49,10,2,False,False,True,False,False
Lang_34,Lang_34_n10.txt,False,99,1,1,False,True,False,False,False
Lang_34,Lang_34_n7.txt,False,82,1,1,False,False,False,False,False
Time_12,Time_12_n1.txt,True,108,3,1,False,False,False,False,False
Time_12,Time_12_n4.txt,True,108,3,1,False,False,False,False,False
Time_12,Time_12_n3.txt,True,108,3,1,False,False,False,False,False
Time_12,Time_12_n10.txt,True,108,3,1,False,False,False,False,False
Time_12,Time_12_n8.txt,True,107,3,1,False,False,False,False,False
Time_12,Time_12_n6.txt,True,108,3,1,False,False,False,False,False
Time_12,Time_12_n2.txt,False,108,2,1,False,False,False,False,False
Time_12,Time_12_n9.txt,True,94,1,1,False,False,False,False,False
Time_12,Time_12_n7.txt,False,116,2,1,False,False,False,False,False
Time_19,Time_19_n8.txt,True,171,2,1,False,False,False,False,False
Time_19,Time_19_n3.txt,True,97,1,1,False,False,True,False,False
Time_19,Time_19_n4.txt,False,140,2,1,False,False,False,False,False
Time_19,Time_19_n7.txt,True,164,2,1,False,False,False,False,False
Time_19,Time_19_n10.txt,True,121,1,1,False,False,False,False,False
Time_19,Time_19_n2.txt,True,166,1,1,False,False,False,False,False
Time_19,Time_19_n6.txt,False,153,2,1,False,False,False,False,False
Time_19,Time_19_n1.txt,False,136,2,1,False,False,False,False,False
Time_19,Time_19_n5.txt,False,142,2,1,False,False,False,False,False
Lang_26,Lang_26_n4.txt,False,116,1,1,False,False,True,False,False
Lang_26,Lang_26_n9.txt,True,120,1,1,False,False,True,False,False
Lang_26,Lang_26_n6.txt,True,121,1,1,False,False,True,False,False
Lang_26,Lang_26_n8.txt,True,121,1,1,False,False,True,False,False
Lang_26,Lang_26_n2.txt,True,116,3,1,False,False,True,False,False
Lang_26,Lang_26_n7.txt,True,109,3,1,False,False,True,False,False
Lang_26,Lang_26_n3.txt,False,129,1,1,False,False,False,False,False
Lang_26,Lang_26_n5.txt,True,110,1,1,False,False,True,False,False
Lang_26,Lang_26_n1.txt,True,126,1,1,False,False,True,False,False
Lang_26,Lang_26_n10.txt,True,108,3,1,False,False,True,False,False
Chart_11,Chart_11_n2.txt,True,83,8,1,False,False,False,False,False
Chart_11,Chart_11_n10.txt,True,90,1,1,False,False,False,False,False
Chart_11,Chart_11_n7.txt,True,71,8,5,False,False,False,False,False
Chart_11,Chart_11_n3.txt,True,83,8,1,False,False,False,False,False
Chart_11,Chart_11_n6.txt,True,71,8,1,False,False,False,False,False
Chart_11,Chart_11_n1.txt,True,78,1,1,False,False,False,False,False
Lang_22,Lang_22_n5.txt,True,56,6,5,False,False,False,False,False
Lang_22,Lang_22_n2.txt,True,47,6,1,False,False,False,False,False
Lang_22,Lang_22_n7.txt,True,47,4,1,False,False,False,False,False
Lang_22,Lang_22_n8.txt,True,56,4,3,False,False,False,False,False
Lang_10,Lang_10_n4.txt,False,72,1,1,False,False,False,False,False
Lang_10,Lang_10_n7.txt,False,90,1,1,False,True,False,False,False
Lang_10,Lang_10_n9.txt,False,90,1,1,False,True,False,False,False
Lang_10,Lang_10_n6.txt,False,83,1,1,False,False,False,False,False
Lang_10,Lang_10_n8.txt,False,93,1,1,False,False,False,False,False
Lang_10,Lang_10_n3.txt,False,86,1,1,False,False,False,False,False
Lang_10,Lang_10_n10.txt,False,88,1,1,False,False,False,False,False
Lang_10,Lang_10_n5.txt,False,86,1,1,False,False,False,False,False
Lang_10,Lang_10_n2.txt,False,87,1,1,False,True,False,False,False
Lang_14,Lang_14_n5.txt,True,140,5,1,False,False,False,False,False
Lang_14,Lang_14_n7.txt,True,153,5,1,False,False,False,False,False
Lang_14,Lang_14_n8.txt,True,140,5,1,False,False,False,False,False
Lang_14,Lang_14_n4.txt,True,40,1,1,False,False,False,False,False
Lang_14,Lang_14_n6.txt,True,142,5,1,False,False,False,False,False
Lang_14,Lang_14_n10.txt,True,130,5,1,False,False,False,False,False
Lang_14,Lang_14_n3.txt,True,160,1,1,False,False,False,False,False
Lang_36,Lang_36_n5.txt,True,17,10,10,False,False,False,False,False
Lang_23,Lang_23_n2.txt,False,58,1,1,False,False,False,False,False
Lang_23,Lang_23_n1.txt,False,68,1,1,False,False,False,False,False
Lang_16,Lang_16_n1.txt,False,42,1,1,True,False,False,False,False
Time_3,Time_3_n10.txt,True,72,2,1,False,False,True,False,False
Time_3,Time_3_n5.txt,True,80,1,1,False,False,True,False,False
Time_3,Time_3_n1.txt,True,70,2,1,False,False,True,False,False
Time_3,Time_3_n4.txt,True,77,1,1,False,False,True,False,False
Time_3,Time_3_n6.txt,True,83,2,1,False,False,True,False,False
Time_3,Time_3_n8.txt,True,82,1,1,False,False,True,False,False
Time_3,Time_3_n9.txt,True,82,1,1,False,False,True,False,False
Time_3,Time_3_n7.txt,True,77,2,1,False,False,True,False,False
Lang_32,Lang_32_n4.txt,False,187,1,1,False,True,False,False,False
Lang_32,Lang_32_n7.txt,False,113,1,1,False,False,False,False,False
Lang_35,Lang_35_n4.txt,True,48,1,1,True,False,False,False,True
Lang_35,Lang_35_n5.txt,True,39,2,1,True,True,False,True,False
Lang_35,Lang_35_n1.txt,True,39,2,1,True,True,False,True,False
Time_9,Time_9_n10.txt,True,122,1,1,False,False,False,False,False
Time_9,Time_9_n2.txt,True,65,2,1,False,False,False,False,False
Time_9,Time_9_n5.txt,True,69,2,1,False,False,False,False,False
Time_9,Time_9_n9.txt,True,78,1,1,False,False,False,False,False
Time_9,Time_9_n1.txt,True,85,1,1,False,False,False,False,False
Time_9,Time_9_n6.txt,True,55,1,1,False,False,False,False,False
Time_9,Time_9_n4.txt,True,112,2,1,False,False,False,False,False
Time_9,Time_9_n3.txt,True,55,1,1,False,False,False,False,False
Time_9,Time_9_n7.txt,False,96,2,1,False,False,False,False,False
Time_20,Time_20_n8.txt,False,210,1,1,True,False,False,False,False
Time_20,Time_20_n6.txt,False,175,1,1,True,False,False,False,False
Time_20,Time_20_n10.txt,True,191,1,1,True,False,False,False,False
Time_20,Time_20_n5.txt,True,146,1,1,True,False,False,False,False
Time_20,Time_20_n1.txt,False,174,1,1,True,False,False,False,False
Chart_2,Chart_2_n1.txt,False,95,1,1,False,False,False,False,False
Lang_24,Lang_24_n5.txt,True,17,10,10,False,False,False,False,False
Lang_1,Lang_1_n8.txt,False,29,1,1,False,False,False,False,False
Lang_1,Lang_1_n10.txt,False,53,1,1,False,False,False,False,False
Lang_1,Lang_1_n1.txt,False,32,1,1,False,False,False,False,False
Lang_1,Lang_1_n7.txt,False,32,1,1,False,False,False,False,False
Lang_1,Lang_1_n3.txt,False,29,1,1,False,False,False,False,False
Lang_1,Lang_1_n5.txt,False,53,1,1,False,False,False,False,False
Lang_1,Lang_1_n4.txt,False,53,1,1,False,False,False,False,False
Lang_1,Lang_1_n6.txt,False,29,1,1,False,False,False,False,False
Lang_1,Lang_1_n2.txt,False,29,1,1,False,False,False,False,False
Lang_1,Lang_1_n9.txt,False,63,1,1,False,False,False,False,False
Time_17,Time_17_n4.txt,True,103,4,1,False,False,False,False,False
Time_17,Time_17_n7.txt,False,121,1,1,False,False,True,False,False
Time_17,Time_17_n10.txt,True,103,3,1,False,False,False,False,False
Time_17,Time_17_n3.txt,False,127,1,1,False,False,False,False,False
Time_17,Time_17_n9.txt,True,131,4,1,False,False,False,False,False
Time_17,Time_17_n2.txt,True,111,3,1,False,False,False,False,False
Time_17,Time_17_n8.txt,True,124,4,1,False,False,False,False,False
Time_17,Time_17_n6.txt,True,104,3,1,False,False,False,False,False
Time_17,Time_17_n5.txt,True,107,4,1,False,False,False,False,False
Lang_6,Lang_6_n5.txt,True,21,7,7,True,True,False,True,False
Lang_6,Lang_6_n8.txt,True,47,1,1,True,False,False,False,True
Lang_6,Lang_6_n1.txt,True,34,1,1,True,False,False,False,True
Lang_3,Lang_3_n1.txt,True,33,4,1,True,False,False,False,False
Lang_3,Lang_3_n10.txt,True,52,4,1,True,False,False,False,False
Lang_3,Lang_3_n8.txt,True,67,1,1,True,False,False,False,False
Lang_3,Lang_3_n7.txt,False,45,4,1,True,False,False,False,False
Lang_3,Lang_3_n4.txt,True,37,4,1,True,False,False,False,False
Lang_5,Lang_5_n3.txt,True,39,3,1,False,True,False,False,False
Lang_5,Lang_5_n4.txt,True,119,1,1,False,False,False,False,False
Lang_5,Lang_5_n10.txt,True,54,1,1,False,False,False,False,False
Lang_5,Lang_5_n8.txt,False,54,3,1,False,True,False,False,False
Lang_5,Lang_5_n7.txt,False,50,1,1,False,True,False,False,False
Lang_5,Lang_5_n2.txt,True,81,3,1,False,True,False,False,False
Time_5,Time_5_n9.txt,False,125,4,1,True,False,False,False,False
Time_5,Time_5_n1.txt,False,120,3,1,True,False,False,False,False
Time_5,Time_5_n5.txt,False,111,3,1,True,False,False,False,False
Time_5,Time_5_n6.txt,False,130,3,1,True,False,False,False,False
Time_5,Time_5_n2.txt,False,117,4,1,True,False,False,False,False
Time_5,Time_5_n4.txt,False,100,4,1,True,False,False,False,False
Time_5,Time_5_n3.txt,False,116,4,1,True,False,False,False,False
Time_5,Time_5_n10.txt,False,106,1,1,True,False,False,False,False
Time_5,Time_5_n7.txt,False,125,2,1,True,False,False,False,False
Time_5,Time_5_n8.txt,False,100,2,1,True,False,False,False,False
Chart_17,Chart_17_n1.txt,True,54,1,1,True,False,False,False,True
Lang_40,Lang_40_n1.txt,False,49,4,1,False,False,False,False,False
Lang_40,Lang_40_n10.txt,False,70,4,1,False,False,False,False,False
Lang_40,Lang_40_n4.txt,False,45,4,1,False,False,False,False,False
Lang_40,Lang_40_n7.txt,False,41,4,1,False,False,False,False,False
Lang_28,Lang_28_n3.txt,False,29,1,1,False,False,False,False,False
Lang_28,Lang_28_n10.txt,False,34,2,1,False,False,False,False,False
Lang_28,Lang_28_n2.txt,False,34,1,1,False,False,False,False,False
Lang_28,Lang_28_n5.txt,False,29,1,1,False,False,False,False,False
Lang_28,Lang_28_n4.txt,False,34,2,1,False,False,False,False,False
Lang_28,Lang_28_n6.txt,False,34,1,1,False,False,False,False,False
Lang_13,Lang_13_n1.txt,False,46,2,1,True,False,False,False,True
Lang_13,Lang_13_n7.txt,True,58,1,1,True,False,False,False,True
Lang_13,Lang_13_n9.txt,False,52,2,1,True,False,False,False,True
Time_16,Time_16_n4.txt,False,97,1,1,False,False,True,False,False
Time_16,Time_16_n6.txt,False,92,1,1,False,False,True,False,False
Time_16,Time_16_n5.txt,True,92,2,1,False,False,True,False,False
Time_16,Time_16_n3.txt,False,98,2,1,False,False,True,False,False
Lang_31,Lang_31_n3.txt,True,45,6,1,False,False,True,False,False
Lang_31,Lang_31_n1.txt,True,93,4,1,False,False,False,False,False
Lang_31,Lang_31_n7.txt,True,93,4,1,False,False,False,False,False
Lang_31,Lang_31_n8.txt,True,105,6,2,False,False,True,False,False
Lang_31,Lang_31_n2.txt,True,107,6,1,False,False,True,False,False
Lang_31,Lang_31_n6.txt,True,106,4,1,False,False,False,False,False
Lang_31,Lang_31_n5.txt,True,120,6,1,False,False,True,False,False
Lang_31,Lang_31_n9.txt,True,47,6,1,False,False,True,False,False
Lang_31,Lang_31_n4.txt,True,41,4,1,False,False,False,False,False
Lang_38,Lang_38_n1.txt,True,81,4,1,False,False,False,False,False
Lang_38,Lang_38_n3.txt,True,81,4,2,False,False,False,False,False
Lang_38,Lang_38_n4.txt,True,79,1,1,False,False,False,False,False
Lang_38,Lang_38_n10.txt,True,81,4,1,False,False,False,False,False
Lang_11,Lang_11_n10.txt,False,44,1,1,True,False,False,False,False
Lang_11,Lang_11_n5.txt,False,48,1,1,True,False,False,False,False
Lang_11,Lang_11_n9.txt,False,48,1,1,True,False,False,False,False
Lang_11,Lang_11_n3.txt,False,95,1,1,True,False,False,False,False
Lang_11,Lang_11_n2.txt,False,81,1,1,True,False,False,False,False
Lang_11,Lang_11_n6.txt,False,48,1,1,True,False,False,False,False
Lang_41,Lang_41_n5.txt,False,65,2,1,False,False,True,False,False
Lang_41,Lang_41_n9.txt,True,51,3,1,False,False,True,False,False
Lang_41,Lang_41_n4.txt,True,65,3,1,False,False,True,False,False
Lang_41,Lang_41_n2.txt,True,60,3,1,False,False,True,False,False
Lang_41,Lang_41_n6.txt,False,65,2,1,False,False,True,False,False
Lang_7,Lang_7_n3.txt,True,29,3,3,True,False,False,False,True
Lang_7,Lang_7_n9.txt,True,29,3,3,True,False,False,False,True
Lang_7,Lang_7_n6.txt,True,29,1,1,True,False,False,False,True
Lang_7,Lang_7_n1.txt,True,29,2,1,True,False,False,False,True
Lang_7,Lang_7_n4.txt,True,29,2,1,True,False,False,False,True
Lang_7,Lang_7_n8.txt,True,34,1,1,True,False,False,False,True
Time_4,Time_4_n6.txt,False,128,8,1,False,True,False,False,False
Time_4,Time_4_n1.txt,False,128,8,1,False,True,False,False,False
Time_4,Time_4_n3.txt,False,128,8,1,False,True,False,False,False
Time_4,Time_4_n4.txt,False,131,8,1,False,True,False,False,False
Time_4,Time_4_n7.txt,False,128,8,1,False,True,False,False,False
Time_4,Time_4_n10.txt,False,157,1,1,False,False,False,False,False
Time_4,Time_4_n9.txt,False,131,8,1,False,True,False,False,False
Time_4,Time_4_n5.txt,False,150,8,1,False,True,False,False,False
Time_4,Time_4_n8.txt,True,121,8,1,False,True,False,False,False
Math_79,Math_79_n8.txt,True,111,1,1,True,False,False,False,True
Math_102,Math_102_n5.txt,True,72,2,1,False,False,False,False,False
Math_102,Math_102_n4.txt,True,77,1,1,False,False,False,False,False
Math_102,Math_102_n10.txt,True,72,1,1,False,False,False,False,False
Math_102,Math_102_n6.txt,True,77,2,1,False,False,False,False,False
Math_74,Math_74_n7.txt,False,250,1,1,True,False,False,False,False
Math_74,Math_74_n10.txt,False,182,1,1,True,False,False,False,False
Math_74,Math_74_n4.txt,False,189,1,1,True,False,False,False,False
Math_105,Math_105_n5.txt,True,87,9,5,False,False,False,False,False
Math_105,Math_105_n8.txt,True,150,1,1,False,False,False,False,False
Math_105,Math_105_n10.txt,True,87,9,3,False,False,False,False,False
Math_105,Math_105_n9.txt,True,150,9,1,False,False,False,False,False
Math_36,Math_36_n4.txt,False,68,1,1,False,False,False,False,False
Math_92,Math_92_n9.txt,False,81,7,1,False,False,False,False,False
Math_92,Math_92_n6.txt,True,21,7,3,False,False,False,False,False
Math_92,Math_92_n10.txt,True,56,7,1,False,False,False,False,False
Math_92,Math_92_n4.txt,True,51,7,2,False,False,False,False,False
Math_92,Math_92_n1.txt,False,36,1,1,False,False,False,False,False
Math_29,Math_29_n3.txt,False,126,1,1,False,False,False,False,False
Math_80,Math_80_n9.txt,True,401,10,2,False,False,False,False,False
Math_80,Math_80_n5.txt,True,401,10,1,False,False,False,False,False
Math_80,Math_80_n2.txt,True,401,10,2,False,False,False,False,False
Math_80,Math_80_n1.txt,True,401,10,1,False,False,False,False,False
Math_80,Math_80_n4.txt,True,422,10,1,False,False,False,False,False
Math_80,Math_80_n10.txt,True,401,10,1,False,False,False,False,False
Math_80,Math_80_n6.txt,True,422,10,1,False,False,False,False,False
Math_80,Math_80_n8.txt,True,401,10,1,False,False,False,False,False
Math_28,Math_28_n8.txt,False,500,1,1,True,True,False,False,True
Math_42,Math_42_n9.txt,True,118,1,1,False,False,False,False,False
Math_42,Math_42_n4.txt,True,125,1,1,False,False,False,False,False
Math_59,Math_59_n2.txt,True,24,10,4,False,False,True,False,False
Math_59,Math_59_n7.txt,True,29,10,5,False,False,True,False,False
Math_59,Math_59_n9.txt,True,29,10,1,False,False,True,False,False
Math_17,Math_17_n1.txt,False,48,1,1,False,False,False,False,False
Math_17,Math_17_n10.txt,False,53,1,1,False,False,False,False,False
Math_17,Math_17_n5.txt,False,48,1,1,False,False,False,False,False
Math_17,Math_17_n9.txt,True,53,1,1,False,False,False,False,False
Math_17,Math_17_n2.txt,False,56,1,1,False,False,False,False,False
Math_17,Math_17_n8.txt,False,57,1,1,False,False,False,False,False
Math_17,Math_17_n3.txt,False,53,1,1,False,False,False,False,False
Math_52,Math_52_n1.txt,False,101,1,1,False,False,False,False,False
Math_52,Math_52_n10.txt,False,108,1,1,False,False,False,False,False
Math_52,Math_52_n7.txt,False,108,1,1,False,False,False,False,False
Math_52,Math_52_n3.txt,False,105,1,1,False,False,False,False,False
Math_52,Math_52_n2.txt,False,94,1,1,False,False,False,False,False
Math_52,Math_52_n4.txt,False,113,1,1,False,False,False,False,False
Math_52,Math_52_n6.txt,False,119,1,1,False,False,False,False,False
Math_94,Math_94_n9.txt,True,49,10,2,True,False,False,False,False
Math_94,Math_94_n8.txt,True,39,10,7,True,False,False,False,False
Math_94,Math_94_n10.txt,True,44,10,1,True,False,False,False,False
Math_56,Math_56_n7.txt,True,116,5,1,False,False,True,False,False
Math_56,Math_56_n4.txt,True,137,5,1,False,False,True,False,False
Math_56,Math_56_n1.txt,True,118,5,2,False,False,True,False,False
Math_56,Math_56_n10.txt,True,118,1,1,False,False,True,False,False
Math_56,Math_56_n5.txt,True,118,2,1,False,False,True,False,False
Math_56,Math_56_n9.txt,True,118,2,1,False,False,True,False,False
Math_56,Math_56_n2.txt,True,117,1,1,False,False,True,False,False
Math_56,Math_56_n6.txt,True,118,5,1,False,False,True,False,False
Math_5,Math_5_n1.txt,True,48,9,2,False,False,False,False,False
Math_5,Math_5_n7.txt,False,50,9,3,False,False,False,False,False
Math_5,Math_5_n10.txt,False,50,9,1,False,False,False,False,False
Math_5,Math_5_n9.txt,True,53,1,1,False,False,True,False,False
Math_5,Math_5_n8.txt,True,48,9,2,False,False,False,False,False
Math_5,Math_5_n3.txt,True,51,9,1,False,False,False,False,False
Math_97,Math_97_n10.txt,False,97,1,1,True,False,False,False,True
Math_21,Math_21_n10.txt,False,275,1,1,False,True,False,False,False
Math_1,Math_1_n7.txt,False,52,10,1,True,True,False,False,False
Math_1,Math_1_n8.txt,True,60,10,1,True,True,False,False,False
Math_1,Math_1_n4.txt,True,43,10,1,True,True,False,False,False
Math_1,Math_1_n5.txt,True,38,10,1,True,True,False,False,False
Math_1,Math_1_n3.txt,True,60,10,1,True,True,False,False,False
Math_1,Math_1_n9.txt,True,43,10,1,True,True,False,False,False
Math_1,Math_1_n1.txt,True,38,10,1,True,True,False,False,False
Math_1,Math_1_n6.txt,True,44,10,1,True,True,False,False,False
Math_1,Math_1_n10.txt,True,43,10,1,True,True,False,False,False
Math_1,Math_1_n2.txt,True,60,10,1,True,True,False,False,False
Math_27,Math_27_n6.txt,True,57,1,1,True,False,False,False,False
Math_27,Math_27_n8.txt,False,49,1,1,True,False,False,False,False
Math_27,Math_27_n10.txt,False,40,1,1,True,False,False,False,False
Math_47,Math_47_n10.txt,True,67,10,5,False,False,False,False,False
Math_47,Math_47_n4.txt,True,115,10,2,False,False,False,False,False
Math_47,Math_47_n3.txt,True,115,10,1,False,False,False,False,False
Math_47,Math_47_n1.txt,True,67,10,1,False,False,False,False,False
Math_47,Math_47_n7.txt,True,116,10,1,False,False,False,False,False
Math_98,Math_98_n5.txt,True,99,6,2,True,False,False,False,False
Math_98,Math_98_n3.txt,True,99,6,1,True,False,False,False,False
Math_98,Math_98_n4.txt,True,99,6,1,True,False,False,False,False
Math_98,Math_98_n6.txt,True,100,6,1,True,False,False,False,False
Math_98,Math_98_n1.txt,True,99,6,1,True,False,False,False,False
Math_37,Math_37_n6.txt,True,53,1,1,False,False,True,False,False
Math_37,Math_37_n8.txt,True,75,1,1,False,False,False,False,False
Math_101,Math_101_n1.txt,False,48,3,1,True,False,False,False,True
Math_101,Math_101_n10.txt,False,53,1,1,True,False,False,False,True
Math_101,Math_101_n4.txt,False,48,3,2,True,False,False,False,True
Math_101,Math_101_n3.txt,False,53,5,1,True,False,False,False,True
Math_101,Math_101_n5.txt,False,53,5,1,True,False,False,False,True
Math_101,Math_101_n9.txt,False,53,5,1,True,False,False,False,True
Math_101,Math_101_n7.txt,False,53,1,1,True,False,False,False,True
Math_101,Math_101_n2.txt,False,48,5,1,True,False,False,False,True
Math_101,Math_101_n6.txt,False,48,5,1,True,False,False,False,True
Math_91,Math_91_n9.txt,True,60,7,1,False,False,False,False,False
Math_91,Math_91_n2.txt,True,41,7,3,False,False,False,False,False
Math_91,Math_91_n6.txt,True,41,7,1,False,False,False,False,False
Math_91,Math_91_n10.txt,True,41,7,1,False,False,False,False,False
Math_91,Math_91_n1.txt,True,57,1,1,False,False,False,False,False
Math_91,Math_91_n8.txt,True,60,7,1,False,False,False,False,False
Math_43,Math_43_n2.txt,True,109,4,1,False,False,False,False,False
Math_43,Math_43_n10.txt,True,76,5,1,False,False,False,False,False
Math_43,Math_43_n6.txt,True,100,5,2,False,False,False,False,False
Math_43,Math_43_n9.txt,True,100,5,1,False,False,False,False,False
Math_43,Math_43_n8.txt,True,78,4,2,False,False,False,False,False
Math_43,Math_43_n3.txt,True,76,5,1,False,False,False,False,False
Math_43,Math_43_n4.txt,True,79,4,1,False,False,False,False,False
Math_11,Math_11_n6.txt,True,59,10,1,False,False,False,False,False
Math_11,Math_11_n3.txt,True,59,10,1,False,False,False,False,False
Math_11,Math_11_n5.txt,True,59,10,2,False,False,False,False,False
Math_11,Math_11_n7.txt,True,64,10,1,False,False,False,False,False
Math_11,Math_11_n10.txt,True,54,10,1,False,False,False,False,False
Math_11,Math_11_n4.txt,True,59,10,1,False,False,False,False,False
Math_11,Math_11_n1.txt,True,59,10,3,False,False,False,False,False
Math_90,Math_90_n3.txt,False,72,8,1,True,False,False,False,True
Math_90,Math_90_n4.txt,False,72,8,1,True,False,False,False,True
Math_90,Math_90_n7.txt,False,115,8,1,True,False,False,False,True
Math_90,Math_90_n1.txt,False,72,8,1,True,False,False,False,True
Math_90,Math_90_n9.txt,False,72,8,1,True,False,False,False,True
Math_90,Math_90_n6.txt,False,71,8,1,True,False,False,False,True
Math_90,Math_90_n2.txt,False,72,8,1,True,False,False,False,True
Math_90,Math_90_n5.txt,False,120,8,1,True,False,False,False,True
Math_10,Math_10_n5.txt,False,181,1,1,False,True,False,False,False
Math_10,Math_10_n4.txt,True,181,8,1,False,False,True,False,False
Math_10,Math_10_n9.txt,True,116,8,1,False,False,True,False,False
Math_10,Math_10_n1.txt,True,173,8,1,False,False,True,False,False
Math_10,Math_10_n8.txt,True,165,8,1,False,False,True,False,False
Math_10,Math_10_n10.txt,True,187,8,1,False,False,True,False,False
Math_10,Math_10_n2.txt,True,146,8,1,False,False,True,False,False
Math_10,Math_10_n6.txt,True,146,8,1,False,False,True,False,False
Math_10,Math_10_n7.txt,True,173,8,1,False,False,True,False,False
Math_106,Math_106_n8.txt,True,114,1,1,False,False,False,False,False
Math_106,Math_106_n7.txt,True,92,4,1,False,False,False,False,False
Math_106,Math_106_n10.txt,True,138,3,1,False,False,False,False,False
Math_106,Math_106_n3.txt,True,109,4,1,False,False,False,False,False
Math_106,Math_106_n1.txt,True,93,4,1,False,False,False,False,False
Math_106,Math_106_n9.txt,True,93,3,1,False,False,False,False,False
Math_106,Math_106_n6.txt,True,102,3,1,False,False,False,False,False
Math_106,Math_106_n4.txt,False,89,4,1,False,False,False,False,False
Math_106,Math_106_n2.txt,True,108,1,1,False,False,False,False,False
Math_14,Math_14_n1.txt,False,137,1,1,False,False,False,False,False
Math_14,Math_14_n4.txt,False,70,1,1,False,False,False,False,False
Math_15,Math_15_n2.txt,True,41,9,3,False,False,True,False,False
Math_15,Math_15_n3.txt,True,51,9,5,False,False,True,False,False
Math_15,Math_15_n6.txt,True,42,9,1,False,False,True,False,False
Math_15,Math_15_n9.txt,True,53,1,1,False,False,True,False,False
Math_16,Math_16_n10.txt,True,70,7,1,True,False,False,False,False
Math_16,Math_16_n4.txt,True,50,7,1,True,False,False,False,False
Math_16,Math_16_n5.txt,True,62,7,1,True,False,False,False,False
Math_16,Math_16_n1.txt,True,69,7,1,True,False,False,False,False
Math_16,Math_16_n7.txt,True,50,7,1,True,False,False,False,False
Math_16,Math_16_n3.txt,True,70,7,1,True,False,False,False,False
Math_16,Math_16_n9.txt,True,70,7,1,True,False,False,False,False
Math_2,Math_2_n1.txt,True,50,1,1,True,False,False,False,False
Math_2,Math_2_n8.txt,True,42,3,2,True,False,False,False,False
Math_2,Math_2_n9.txt,True,44,2,1,True,False,False,False,False
Math_2,Math_2_n4.txt,True,42,1,1,True,False,False,False,False
Math_2,Math_2_n10.txt,True,44,1,1,True,False,False,False,False
Math_2,Math_2_n2.txt,True,42,1,1,True,False,False,False,False
Math_2,Math_2_n3.txt,True,44,2,1,True,False,False,False,False
Math_2,Math_2_n6.txt,True,42,3,1,True,False,False,False,False
Math_26,Math_26_n7.txt,False,191,1,1,True,False,False,False,False
Math_26,Math_26_n2.txt,False,79,1,1,True,False,False,False,True
Math_3,Math_3_n1.txt,True,61,2,2,True,False,False,False,True
Math_3,Math_3_n5.txt,True,61,1,1,True,False,False,False,True
Math_3,Math_3_n4.txt,True,46,2,1,True,True,False,True,False
Math_3,Math_3_n2.txt,True,61,1,1,True,False,False,False,True
Math_3,Math_3_n8.txt,True,61,1,1,True,False,False,False,True
Math_3,Math_3_n10.txt,True,61,1,1,True,False,False,False,True
Math_3,Math_3_n3.txt,True,46,2,1,True,True,False,True,False
Math_3,Math_3_n9.txt,True,61,1,1,True,False,False,False,True
Math_3,Math_3_n7.txt,True,61,1,1,True,False,False,False,True
Math_30,Math_30_n4.txt,True,102,7,1,True,False,False,False,False
Math_30,Math_30_n6.txt,True,106,2,1,True,False,False,False,False
Math_30,Math_30_n3.txt,True,104,7,1,True,False,False,False,False
Math_30,Math_30_n7.txt,True,104,7,1,True,False,False,False,False
Math_30,Math_30_n8.txt,True,108,7,1,True,False,False,False,False
Math_30,Math_30_n2.txt,True,112,7,1,True,False,False,False,False
Math_30,Math_30_n9.txt,True,112,1,1,True,False,False,False,False
Math_30,Math_30_n1.txt,True,104,7,1,True,False,False,False,False
Math_30,Math_30_n5.txt,True,118,7,1,True,False,False,False,False
Math_30,Math_30_n10.txt,True,92,2,1,True,False,False,False,False
Math_35,Math_35_n2.txt,True,90,1,1,False,False,False,False,False
Math_35,Math_35_n6.txt,True,54,1,1,False,False,False,False,False
Math_35,Math_35_n1.txt,True,70,1,1,False,False,False,False,False
Math_35,Math_35_n5.txt,True,66,1,1,False,False,False,False,False
Math_38,Math_38_n8.txt,False,135,1,1,False,False,False,False,False
Math_38,Math_38_n9.txt,False,121,1,1,False,True,False,False,False
Math_40,Math_40_n5.txt,False,101,1,1,False,True,False,False,False
Math_40,Math_40_n2.txt,False,57,1,1,False,False,False,False,False
Math_40,Math_40_n3.txt,False,79,1,1,False,False,False,False,False
Math_40,Math_40_n7.txt,False,57,1,1,False,False,False,False,False
Math_40,Math_40_n6.txt,False,120,1,1,False,False,False,False,False
Math_40,Math_40_n1.txt,False,77,2,1,False,False,False,False,False
Math_40,Math_40_n10.txt,False,95,2,1,False,False,False,False,False
Math_41,Math_41_n9.txt,True,96,1,1,False,False,False,False,False
Math_41,Math_41_n10.txt,False,96,1,1,False,False,False,False,False
Math_41,Math_41_n4.txt,False,98,2,1,False,False,False,False,False
Math_41,Math_41_n5.txt,False,228,1,1,False,False,False,False,False
Math_41,Math_41_n8.txt,True,91,1,1,False,False,False,False,False
Math_41,Math_41_n3.txt,False,98,2,1,False,False,False,False,False
Math_41,Math_41_n2.txt,True,118,1,1,False,False,False,False,False
Math_41,Math_41_n6.txt,True,96,1,1,False,False,False,False,False
Math_41,Math_41_n7.txt,False,86,1,1,False,False,False,False,False
Math_45,Math_45_n6.txt,False,65,1,1,True,False,False,False,False
Math_45,Math_45_n5.txt,False,73,1,1,True,False,False,False,False
Math_45,Math_45_n3.txt,False,90,1,1,True,False,False,False,False
Math_45,Math_45_n2.txt,True,59,1,1,True,False,False,False,False
Math_45,Math_45_n8.txt,False,59,1,1,True,True,False,False,False
Math_48,Math_48_n8.txt,False,95,1,1,False,False,False,False,False
Math_49,Math_49_n1.txt,False,121,2,1,True,True,False,False,True
Math_49,Math_49_n4.txt,False,119,2,1,True,True,False,False,True
Math_50,Math_50_n2.txt,False,98,3,1,False,False,False,False,False
Math_50,Math_50_n7.txt,False,95,3,1,False,False,False,False,False
Math_50,Math_50_n5.txt,False,98,3,1,False,False,False,False,False
Math_54,Math_54_n2.txt,True,43,10,1,False,False,False,False,False
Math_54,Math_54_n4.txt,True,51,10,3,False,False,False,False,False
Math_54,Math_54_n6.txt,True,61,10,2,False,False,False,False,False
Math_54,Math_54_n8.txt,True,38,10,2,False,False,False,False,False
Math_54,Math_54_n5.txt,True,61,10,1,False,False,False,False,False
Math_54,Math_54_n1.txt,True,38,10,1,False,False,False,False,False
Math_55,Math_55_n6.txt,True,85,9,3,False,False,False,False,False
Math_55,Math_55_n9.txt,True,85,9,5,False,False,False,False,False
Math_55,Math_55_n3.txt,True,61,1,1,False,False,False,False,False
Math_55,Math_55_n2.txt,True,85,9,1,False,False,False,False,False
Math_6,Math_6_n5.txt,True,188,1,1,False,False,False,False,False
Math_6,Math_6_n7.txt,True,186,5,1,False,False,False,False,False
Math_6,Math_6_n8.txt,True,182,5,1,False,False,False,False,False
Math_6,Math_6_n6.txt,True,186,5,1,False,False,False,False,False
Math_6,Math_6_n1.txt,True,186,5,1,False,False,False,False,False
Math_6,Math_6_n10.txt,True,186,5,1,False,False,False,False,False
Math_6,Math_6_n2.txt,True,188,2,2,False,False,False,False,False
Math_60,Math_60_n10.txt,True,84,1,1,True,False,False,False,False
Math_60,Math_60_n9.txt,True,79,3,1,True,False,False,False,True
Math_60,Math_60_n3.txt,True,97,3,1,True,False,False,False,True
Math_60,Math_60_n5.txt,True,78,1,1,True,False,False,False,False
Math_60,Math_60_n7.txt,True,91,1,1,True,False,False,False,False
Math_60,Math_60_n8.txt,True,81,1,1,True,False,False,False,False
Math_60,Math_60_n4.txt,True,79,1,1,True,False,False,False,False
Math_60,Math_60_n1.txt,True,68,1,1,True,False,False,False,False
Math_60,Math_60_n6.txt,True,78,3,1,True,False,False,False,False
Math_63,Math_63_n3.txt,True,33,9,3,False,False,False,False,False
Math_63,Math_63_n6.txt,True,39,9,5,False,False,False,False,False
Math_63,Math_63_n7.txt,True,26,9,1,False,False,False,False,False
Math_63,Math_63_n2.txt,True,33,1,1,False,False,False,False,False
Math_71,Math_71_n1.txt,False,134,2,1,False,False,False,False,False
Math_71,Math_71_n4.txt,False,145,1,1,False,False,False,False,False
Math_71,Math_71_n5.txt,False,145,1,1,False,False,False,False,False
Math_71,Math_71_n6.txt,False,136,1,1,False,False,False,False,False
Math_71,Math_71_n7.txt,False,143,1,1,False,False,False,False,False
Math_71,Math_71_n8.txt,False,140,1,1,False,False,False,False,False
Math_71,Math_71_n9.txt,True,134,1,1,False,False,False,False,False
Math_71,Math_71_n10.txt,False,132,2,1,False,False,False,False,False
Math_76,Math_76_n7.txt,False,94,1,1,True,True,False,False,False
Math_76,Math_76_n5.txt,False,101,1,1,True,False,False,False,False
Math_77,Math_77_n10.txt,True,115,1,1,False,False,False,False,False
Math_77,Math_77_n1.txt,True,112,1,1,False,False,False,False,False
Math_77,Math_77_n5.txt,True,104,2,1,False,False,False,False,False
Math_77,Math_77_n2.txt,True,114,1,1,False,False,False,False,False
Math_77,Math_77_n6.txt,True,104,2,1,False,False,False,False,False
Math_77,Math_77_n8.txt,True,136,1,1,False,False,False,False,False
Math_77,Math_77_n7.txt,True,125,1,1,False,False,False,False,False
Math_77,Math_77_n3.txt,True,122,1,1,False,False,False,False,False
Math_77,Math_77_n4.txt,True,110,1,1,False,False,False,False,False
Math_77,Math_77_n9.txt,True,113,1,1,False,False,False,False,False
Math_81,Math_81_n8.txt,False,331,4,4,True,False,False,False,False
Math_81,Math_81_n7.txt,False,325,1,1,True,False,False,False,False
Math_81,Math_81_n9.txt,False,325,1,1,True,False,False,False,False
Math_81,Math_81_n10.txt,False,310,1,1,True,True,False,False,False
Math_89,Math_89_n6.txt,True,46,10,1,True,True,False,False,True
Math_89,Math_89_n10.txt,False,72,10,1,True,True,False,False,True
Math_89,Math_89_n5.txt,False,72,10,1,True,True,False,False,True
Math_89,Math_89_n2.txt,True,46,10,1,True,True,False,False,True
Math_89,Math_89_n4.txt,True,45,10,1,True,True,False,False,True
Math_89,Math_89_n8.txt,True,45,10,1,True,True,False,False,True
Math_89,Math_89_n9.txt,False,72,10,1,True,True,False,False,True
Math_89,Math_89_n1.txt,True,46,10,1,True,True,False,False,True
Math_89,Math_89_n3.txt,True,117,10,1,True,True,False,False,True
Math_89,Math_89_n7.txt,False,72,10,1,True,True,False,False,True
Math_9,Math_9_n10.txt,False,119,1,1,False,False,False,False,False
Math_93,Math_93_n4.txt,False,47,1,1,False,False,False,False,False
Math_93,Math_93_n3.txt,True,88,6,1,False,False,False,False,False
Math_93,Math_93_n8.txt,True,112,1,1,False,False,False,False,False
Math_93,Math_93_n6.txt,False,47,1,1,False,False,False,False,False
Math_93,Math_93_n2.txt,True,58,6,1,False,False,False,False,False
Math_93,Math_93_n5.txt,True,126,6,1,False,False,False,False,False
Math_93,Math_93_n10.txt,True,55,1,1,False,False,False,False,False
Math_93,Math_93_n1.txt,True,43,6,2,False,False,False,False,False
Math_93,Math_93_n9.txt,True,87,6,1,False,False,False,False,False
Math_95,Math_95_n10.txt,False,72,1,1,True,False,False,False,True
Math_96,Math_96_n9.txt,True,62,4,3,False,False,False,False,False
Math_96,Math_96_n5.txt,True,104,1,1,False,False,False,False,False
Math_96,Math_96_n8.txt,True,59,1,1,False,False,False,False,False
Math_96,Math_96_n10.txt,True,61,1,1,False,False,False,False,False
Math_96,Math_96_n7.txt,True,61,1,1,False,False,False,False,False
Math_96,Math_96_n4.txt,True,64,1,1,False,False,False,False,False
Math_96,Math_96_n3.txt,True,96,4,1,False,False,False,False,False
Math_96,Math_96_n1.txt,True,66,1,1,False,False,False,False,False
Math_99,Math_99_n6.txt,True,33,1,1,False,False,False,False,False
Math_99,Math_99_n7.txt,False,33,7,7,False,False,False,False,False
Math_99,Math_99_n5.txt,False,33,1,1,False,False,False,False,False
Math_99,Math_99_n10.txt,True,33,1,1,False,False,False,False,False
Cli_10,Cli_10_n10.txt,True,96,1,1,True,False,False,False,False
Cli_10,Cli_10_n3.txt,True,99,2,1,True,False,False,False,False
Cli_10,Cli_10_n5.txt,True,126,1,1,True,False,False,False,True
Cli_10,Cli_10_n2.txt,True,102,2,1,True,False,False,False,False
Cli_10,Cli_10_n1.txt,True,96,1,1,True,False,False,False,False
Cli_10,Cli_10_n4.txt,True,96,2,1,True,False,False,False,False
Cli_10,Cli_10_n7.txt,True,114,2,1,True,False,False,False,False
Cli_10,Cli_10_n6.txt,True,96,1,1,True,False,False,False,False
Cli_10,Cli_10_n9.txt,True,102,1,1,True,False,False,False,False
Cli_17,Cli_17_n9.txt,True,145,1,1,False,False,False,False,False
Cli_18,Cli_18_n1.txt,True,116,1,1,False,False,False,False,False
Cli_18,Cli_18_n3.txt,False,118,1,1,False,False,False,False,False
Cli_18,Cli_18_n6.txt,True,108,1,1,False,False,False,False,False
Cli_18,Cli_18_n8.txt,False,117,1,1,False,False,False,False,False
Cli_2,Cli_2_n1.txt,True,100,1,1,False,False,False,False,False
Cli_2,Cli_2_n6.txt,True,71,2,1,False,True,False,False,False
Cli_2,Cli_2_n2.txt,True,90,3,1,False,False,False,False,False
Cli_2,Cli_2_n8.txt,True,100,3,1,False,False,False,False,False
Cli_2,Cli_2_n10.txt,True,104,1,1,False,False,False,False,False
Cli_2,Cli_2_n7.txt,True,104,1,1,False,False,False,False,False
Cli_2,Cli_2_n3.txt,True,85,2,1,False,True,False,False,False
Cli_2,Cli_2_n5.txt,True,94,3,1,False,False,False,False,False
Cli_2,Cli_2_n9.txt,True,90,2,2,False,False,False,False,False
Cli_23,Cli_23_n3.txt,True,67,1,1,True,True,False,False,False
Cli_23,Cli_23_n7.txt,False,93,1,1,True,False,False,False,False
Cli_26,Cli_26_n7.txt,False,62,1,1,True,False,False,False,True
Cli_26,Cli_26_n5.txt,False,53,1,1,True,False,False,False,True
Cli_26,Cli_26_n6.txt,False,61,1,1,True,False,False,False,True
Cli_26,Cli_26_n2.txt,False,98,1,1,True,False,False,False,True
Cli_29,Cli_29_n8.txt,False,99,1,1,False,False,False,False,False
Cli_29,Cli_29_n5.txt,False,99,1,1,False,False,False,False,False
Cli_29,Cli_29_n6.txt,False,99,1,1,False,False,False,False,False
Cli_29,Cli_29_n7.txt,True,97,3,1,False,False,True,False,False
Cli_29,Cli_29_n9.txt,True,101,3,1,False,False,True,False,False
Cli_29,Cli_29_n1.txt,False,89,1,1,False,False,False,False,False
Cli_29,Cli_29_n3.txt,True,101,3,1,False,False,True,False,False
Cli_31,Cli_31_n2.txt,False,120,1,1,False,False,False,False,False
Cli_31,Cli_31_n9.txt,True,141,1,1,False,False,False,False,False
Cli_32,Cli_32_n7.txt,False,58,1,1,True,False,False,False,True
Cli_32,Cli_32_n2.txt,False,56,3,1,True,False,False,False,True
Cli_32,Cli_32_n3.txt,False,60,3,1,True,False,False,False,True
Cli_32,Cli_32_n1.txt,False,57,1,1,True,False,False,False,True
Cli_32,Cli_32_n8.txt,False,36,1,1,True,False,False,False,False
Cli_32,Cli_32_n6.txt,False,56,3,1,True,False,False,False,True
Cli_33,Cli_33_n2.txt,True,80,3,1,False,False,False,False,False
Cli_33,Cli_33_n6.txt,True,94,3,1,False,False,False,False,False
Cli_33,Cli_33_n4.txt,True,98,1,1,False,False,False,False,False
Cli_33,Cli_33_n5.txt,True,93,3,1,False,False,False,False,False
Cli_33,Cli_33_n9.txt,True,84,1,1,False,False,False,False,False
Cli_33,Cli_33_n10.txt,True,92,1,1,False,False,False,False,False
Cli_33,Cli_33_n1.txt,True,95,1,1,False,False,False,False,False
Cli_33,Cli_33_n7.txt,True,95,1,1,False,False,False,False,False
Cli_33,Cli_33_n8.txt,True,88,1,1,False,False,False,False,False
Cli_34,Cli_34_n5.txt,True,67,1,1,False,False,True,False,False
Cli_34,Cli_34_n4.txt,True,103,1,1,False,False,False,False,False
Cli_34,Cli_34_n8.txt,True,117,2,1,False,False,False,False,False
Cli_34,Cli_34_n9.txt,True,111,2,1,False,False,False,False,False
Cli_34,Cli_34_n3.txt,True,115,2,1,False,False,False,False,False
Cli_34,Cli_34_n1.txt,True,95,2,1,False,False,False,False,False
Cli_35,Cli_35_n3.txt,True,143,1,1,True,False,False,False,False
Cli_35,Cli_35_n1.txt,False,145,1,1,True,False,False,False,True
Cli_35,Cli_35_n10.txt,True,143,1,1,True,False,False,False,True
Cli_35,Cli_35_n7.txt,True,155,1,1,True,False,False,False,True
Cli_35,Cli_35_n4.txt,True,143,1,1,True,False,False,False,False
Cli_35,Cli_35_n8.txt,True,153,1,1,True,False,False,False,False
Cli_36,Cli_36_n9.txt,True,209,8,1,False,False,False,False,False
Cli_36,Cli_36_n6.txt,True,198,8,1,False,False,False,False,False
Cli_36,Cli_36_n7.txt,True,198,8,1,False,False,False,False,False
Cli_36,Cli_36_n2.txt,True,270,8,1,False,False,False,False,False
Cli_36,Cli_36_n8.txt,False,195,8,1,False,False,False,False,False
Cli_36,Cli_36_n1.txt,False,197,1,1,False,False,False,False,False
Cli_36,Cli_36_n5.txt,False,204,8,1,False,False,False,False,False
Cli_36,Cli_36_n4.txt,True,241,8,1,False,False,False,False,False
Cli_36,Cli_36_n3.txt,False,196,8,1,False,False,False,False,False
Cli_39,Cli_39_n9.txt,True,100,1,1,False,True,False,False,False
Cli_39,Cli_39_n1.txt,True,138,1,1,False,False,False,False,False
Cli_39,Cli_39_n4.txt,False,122,1,1,False,False,False,False,False
Cli_5,Cli_5_n4.txt,True,45,2,1,True,False,False,False,True
Cli_5,Cli_5_n10.txt,True,45,1,1,True,False,False,False,True
Cli_5,Cli_5_n8.txt,True,45,1,1,True,False,False,False,True
Cli_5,Cli_5_n1.txt,True,47,2,1,True,False,False,False,True
Cli_5,Cli_5_n7.txt,False,56,1,1,True,False,False,False,True
Cli_5,Cli_5_n2.txt,True,45,1,1,True,False,False,False,True
Cli_8,Cli_8_n4.txt,True,129,1,1,False,False,False,False,False
Cli_8,Cli_8_n3.txt,True,160,1,1,False,False,False,False,False
Cli_8,Cli_8_n1.txt,False,100,1,1,False,False,False,False,False
Cli_8,Cli_8_n8.txt,True,138,1,1,False,False,False,False,False
Cli_8,Cli_8_n6.txt,True,163,1,1,False,False,False,False,False
Cli_8,Cli_8_n7.txt,True,154,1,1,False,False,False,False,False
Closure_1,Closure_1_n6.txt,True,101,4,1,False,False,False,False,False
Closure_1,Closure_1_n1.txt,True,106,1,1,False,False,False,False,False
Closure_1,Closure_1_n3.txt,False,129,4,1,False,False,False,False,False
Closure_1,Closure_1_n2.txt,False,42,4,1,False,False,False,False,False
Closure_1,Closure_1_n8.txt,False,93,4,1,False,False,False,False,False
Closure_10,Closure_10_n8.txt,False,83,1,1,False,False,False,False,False
Closure_10,Closure_10_n2.txt,False,37,1,1,False,False,False,False,False
Closure_102,Closure_102_n7.txt,False,51,1,1,False,False,False,False,False
Closure_102,Closure_102_n6.txt,False,44,1,1,False,False,False,False,False
Closure_102,Closure_102_n5.txt,False,52,1,1,False,False,False,False,False
Closure_103,Closure_103_n3.txt,False,97,1,1,True,False,False,False,False
Closure_103,Closure_103_n1.txt,False,73,1,1,True,False,False,False,False
Closure_104,Closure_104_n10.txt,False,107,1,1,False,False,False,False,False
Closure_105,Closure_105_n10.txt,False,93,2,1,False,False,False,False,False
Closure_105,Closure_105_n4.txt,False,103,2,1,False,False,False,False,False
Closure_107,Closure_107_n4.txt,False,96,1,1,False,False,False,False,False
Closure_107,Closure_107_n8.txt,False,97,1,1,False,False,False,False,False
Closure_107,Closure_107_n3.txt,False,91,1,1,False,False,False,False,False
Closure_107,Closure_107_n1.txt,False,95,1,1,False,False,False,False,False
Closure_11,Closure_11_n10.txt,False,167,1,1,False,False,False,False,False
Closure_110,Closure_110_n4.txt,False,73,1,1,False,False,False,False,False
Closure_110,Closure_110_n10.txt,False,52,1,1,False,False,False,False,False
Closure_111,Closure_111_n7.txt,False,145,1,1,False,False,True,False,False
Closure_111,Closure_111_n8.txt,False,52,1,1,False,False,False,False,False
Closure_111,Closure_111_n2.txt,False,70,1,1,False,False,False,False,False
Closure_113,Closure_113_n5.txt,False,71,1,1,False,False,False,False,False
Closure_114,Closure_114_n2.txt,True,89,1,1,True,True,False,False,False
Closure_114,Closure_114_n1.txt,True,111,1,1,True,False,False,False,False
Closure_116,Closure_116_n5.txt,False,127,1,1,False,False,False,False,False
Closure_116,Closure_116_n6.txt,False,52,2,1,False,False,False,False,False
Closure_116,Closure_116_n2.txt,False,54,1,1,False,False,False,False,False
Closure_116,Closure_116_n9.txt,False,108,1,1,False,False,False,False,False
Closure_116,Closure_116_n10.txt,False,52,2,1,False,False,False,False,False
Closure_118,Closure_118_n1.txt,False,104,1,1,False,False,False,False,False
Closure_119,Closure_119_n4.txt,False,128,1,1,False,False,False,False,False
Closure_12,Closure_12_n8.txt,False,67,2,1,False,False,True,False,False
Closure_12,Closure_12_n4.txt,False,123,2,1,False,False,True,False,False
Closure_120,Closure_120_n7.txt,False,135,1,1,False,False,False,False,False
Closure_120,Closure_120_n5.txt,True,113,1,1,False,False,False,False,False
Closure_120,Closure_120_n8.txt,False,113,1,1,False,False,False,False,False
Closure_121,Closure_121_n4.txt,False,93,1,1,False,False,False,False,False
Closure_121,Closure_121_n6.txt,True,91,1,1,False,False,False,False,False
Closure_121,Closure_121_n7.txt,False,68,1,1,False,False,False,False,False
Closure_122,Closure_122_n3.txt,False,97,1,1,False,False,False,False,False
Closure_122,Closure_122_n5.txt,False,90,1,1,False,False,False,False,False
Closure_122,Closure_122_n2.txt,False,139,1,1,False,True,False,False,False
Closure_123,Closure_123_n5.txt,False,44,1,1,False,False,False,False,False
Closure_123,Closure_123_n10.txt,True,120,1,1,False,False,False,False,False
Closure_123,Closure_123_n4.txt,False,93,1,1,False,False,False,False,False
Closure_127,Closure_127_n6.txt,False,91,1,1,True,False,False,False,False
Closure_127,Closure_127_n1.txt,False,70,1,1,True,False,False,False,False
Closure_128,Closure_128_n2.txt,False,66,1,1,False,False,False,False,False
Closure_128,Closure_128_n1.txt,False,46,1,1,False,False,True,False,False
Closure_129,Closure_129_n5.txt,False,97,1,1,False,False,False,False,False
Closure_129,Closure_129_n8.txt,False,86,1,1,False,False,False,False,False
Closure_129,Closure_129_n4.txt,False,44,1,1,False,False,False,False,False
Closure_13,Closure_13_n10.txt,False,100,1,1,False,False,False,False,False
Closure_13,Closure_13_n5.txt,False,136,1,1,False,False,False,False,False
Closure_13,Closure_13_n7.txt,False,147,1,1,False,False,False,False,False
Closure_131,Closure_131_n8.txt,False,44,1,1,False,False,True,False,False
Closure_131,Closure_131_n4.txt,False,51,2,1,False,False,False,False,False
Closure_131,Closure_131_n9.txt,False,51,2,1,False,False,False,False,False
Closure_139,Closure_139_n5.txt,False,158,1,1,False,True,False,False,False
Closure_14,Closure_14_n2.txt,False,68,1,1,False,False,False,False,False
Closure_141,Closure_141_n4.txt,False,77,1,1,False,True,False,False,False
Closure_142,Closure_142_n8.txt,False,148,1,1,False,False,False,False,False
Closure_142,Closure_142_n2.txt,False,85,1,1,False,False,False,False,False
Closure_142,Closure_142_n1.txt,False,157,1,1,False,False,False,False,False
Closure_151,Closure_151_n3.txt,False,115,1,1,False,False,False,False,False
Closure_151,Closure_151_n2.txt,False,137,1,1,False,False,False,False,False
Closure_151,Closure_151_n8.txt,False,112,1,1,False,False,True,False,False
Closure_152,Closure_152_n3.txt,False,133,1,1,True,False,False,False,True
Closure_153,Closure_153_n10.txt,False,36,1,1,False,False,True,False,False
Closure_153,Closure_153_n8.txt,False,63,1,1,False,False,False,False,False
Closure_153,Closure_153_n6.txt,False,52,1,1,False,False,False,False,False
Closure_153,Closure_153_n5.txt,False,58,1,1,False,False,False,False,False
Closure_153,Closure_153_n4.txt,False,44,1,1,False,False,True,False,False
Closure_156,Closure_156_n4.txt,False,51,1,1,True,False,False,False,False
Closure_159,Closure_159_n4.txt,False,69,1,1,False,False,False,False,False
Closure_16,Closure_16_n9.txt,False,63,1,1,False,False,False,False,False
Closure_160,Closure_160_n1.txt,False,169,1,1,False,False,True,False,False
Closure_160,Closure_160_n5.txt,False,153,1,1,False,False,False,False,False
Closure_17,Closure_17_n7.txt,False,69,1,1,False,False,False,False,False
Closure_17,Closure_17_n6.txt,False,183,1,1,False,False,False,False,False
Closure_172,Closure_172_n10.txt,False,121,1,1,False,False,False,False,False
Closure_173,Closure_173_n10.txt,False,42,1,1,False,False,False,False,False
Closure_174,Closure_174_n2.txt,False,82,1,1,True,False,False,False,False
Closure_175,Closure_175_n7.txt,False,107,1,1,False,False,False,False,False
Closure_175,Closure_175_n3.txt,False,112,1,1,False,False,False,False,False
Closure_175,Closure_175_n2.txt,False,108,1,1,False,False,False,False,False
Closure_19,Closure_19_n10.txt,False,87,2,1,True,False,False,False,True
Closure_19,Closure_19_n5.txt,False,91,2,1,True,False,False,False,True
Closure_19,Closure_19_n6.txt,False,105,1,1,True,False,False,False,True
Closure_2,Closure_2_n7.txt,False,96,1,1,True,True,False,False,False
Closure_2,Closure_2_n8.txt,False,51,1,1,True,False,False,False,False
Closure_20,Closure_20_n2.txt,False,69,2,1,False,False,True,False,False
Closure_20,Closure_20_n6.txt,False,41,3,1,False,False,False,False,False
Closure_20,Closure_20_n4.txt,False,60,2,1,False,False,False,False,False
Closure_20,Closure_20_n3.txt,False,46,3,1,False,False,False,False,False
Closure_20,Closure_20_n7.txt,False,82,2,1,False,False,True,False,False
Closure_20,Closure_20_n1.txt,False,58,2,1,False,False,False,False,False
Closure_20,Closure_20_n9.txt,False,41,3,1,False,False,False,False,False
Closure_21,Closure_21_n1.txt,False,127,1,1,False,False,True,False,False
Closure_22,Closure_22_n9.txt,False,67,1,1,False,False,False,False,False
Closure_23,Closure_23_n8.txt,False,95,1,1,False,False,False,False,False
Closure_24,Closure_24_n9.txt,False,78,1,1,False,False,False,False,False
Closure_24,Closure_24_n4.txt,False,60,1,1,False,False,False,False,False
Closure_25,Closure_25_n5.txt,False,135,1,1,False,False,False,False,False
Closure_26,Closure_26_n3.txt,False,143,1,1,False,False,False,False,False
Closure_27,Closure_27_n6.txt,False,111,10,1,True,True,False,False,True
Closure_27,Closure_27_n8.txt,False,111,10,1,True,True,False,False,True
Closure_27,Closure_27_n10.txt,False,111,10,1,True,True,False,False,True
Closure_27,Closure_27_n4.txt,False,111,10,1,True,True,False,False,True
Closure_27,Closure_27_n3.txt,False,111,10,1,True,True,False,False,True
Closure_27,Closure_27_n7.txt,False,114,10,1,True,True,False,False,True
Closure_27,Closure_27_n2.txt,False,111,10,1,True,True,False,False,True
Closure_27,Closure_27_n5.txt,False,111,10,2,True,True,False,False,True
Closure_27,Closure_27_n1.txt,False,111,10,1,True,True,False,False,True
Closure_3,Closure_3_n5.txt,False,94,1,1,False,False,False,False,False
Closure_3,Closure_3_n3.txt,False,114,1,1,False,False,False,False,False
Closure_3,Closure_3_n6.txt,False,83,1,1,False,False,False,False,False
Closure_3,Closure_3_n4.txt,False,103,1,1,False,False,False,False,False
Closure_3,Closure_3_n1.txt,False,105,1,1,False,False,False,False,False
Closure_30,Closure_30_n2.txt,False,307,1,1,False,False,False,False,False
Closure_32,Closure_32_n9.txt,False,70,1,1,False,False,False,False,False
Closure_34,Closure_34_n2.txt,False,160,1,1,True,False,False,False,False
Closure_34,Closure_34_n6.txt,False,105,1,1,True,False,False,False,False
Closure_36,Closure_36_n4.txt,False,54,1,1,False,False,False,False,False
Closure_36,Closure_36_n5.txt,False,86,1,1,False,False,False,False,False
Closure_37,Closure_37_n9.txt,False,80,1,1,True,False,False,False,False
Closure_4,Closure_4_n5.txt,False,129,1,1,True,False,False,False,False
Closure_4,Closure_4_n4.txt,False,37,1,1,True,False,False,False,False
Closure_42,Closure_42_n3.txt,False,63,3,1,False,False,False,False,False
Closure_42,Closure_42_n2.txt,False,72,1,1,False,False,False,False,False
Closure_42,Closure_42_n10.txt,False,66,1,1,False,False,False,False,False
Closure_42,Closure_42_n5.txt,False,56,3,1,False,False,False,False,False
Closure_42,Closure_42_n7.txt,False,58,1,1,False,False,False,False,False
Closure_42,Closure_42_n8.txt,False,70,3,1,False,False,False,False,False
Closure_43,Closure_43_n4.txt,False,36,1,1,False,False,False,False,False
Closure_44,Closure_44_n2.txt,False,51,3,1,False,False,True,False,False
Closure_44,Closure_44_n5.txt,False,44,3,1,False,False,True,False,False
Closure_44,Closure_44_n7.txt,False,51,3,1,False,False,True,False,False
Closure_49,Closure_49_n1.txt,False,44,1,1,False,False,False,False,False
Closure_49,Closure_49_n9.txt,False,44,1,1,False,False,False,False,False
Closure_49,Closure_49_n4.txt,False,50,1,1,False,False,False,False,False
Closure_5,Closure_5_n5.txt,False,135,1,1,False,False,False,False,False
Closure_53,Closure_53_n6.txt,False,60,1,1,True,False,False,False,False
Closure_54,Closure_54_n7.txt,False,71,1,1,False,False,False,False,False
Closure_55,Closure_55_n5.txt,False,92,1,1,True,False,False,False,False
Closure_57,Closure_57_n1.txt,False,106,1,1,True,False,False,False,False
Closure_58,Closure_58_n9.txt,False,44,1,1,False,False,False,False,False
Closure_6,Closure_6_n4.txt,False,96,1,1,False,False,False,False,False
Closure_60,Closure_60_n1.txt,False,56,1,1,False,True,False,False,False
Closure_61,Closure_61_n7.txt,False,26,1,1,False,False,False,False,False
Closure_61,Closure_61_n1.txt,False,46,1,1,False,False,False,False,False
Closure_62,Closure_62_n4.txt,False,73,1,1,False,False,False,False,False
Closure_64,Closure_64_n9.txt,False,54,1,1,False,False,False,False,False
Closure_66,Closure_66_n5.txt,False,45,1,1,False,False,False,False,False
Closure_72,Closure_72_n10.txt,False,118,1,1,True,False,False,False,True
Closure_73,Closure_73_n7.txt,False,51,1,1,False,False,False,False,False
Closure_73,Closure_73_n4.txt,False,44,2,1,False,False,True,False,False
Closure_73,Closure_73_n10.txt,False,44,2,1,False,False,True,False,False
Closure_75,Closure_75_n8.txt,False,29,1,1,True,False,False,False,False
Closure_75,Closure_75_n5.txt,False,73,1,1,True,False,False,False,False
Closure_75,Closure_75_n2.txt,False,54,1,1,True,False,False,False,False
Closure_75,Closure_75_n9.txt,False,45,1,1,True,False,False,False,False
Closure_8,Closure_8_n2.txt,False,109,1,1,False,False,False,False,False
Closure_8,Closure_8_n4.txt,False,71,1,1,False,False,False,False,False
Closure_82,Closure_82_n8.txt,False,39,1,1,False,False,False,False,False
Closure_82,Closure_82_n4.txt,False,65,1,1,False,False,False,False,False
Closure_83,Closure_83_n7.txt,False,116,1,1,False,False,False,False,False
Closure_83,Closure_83_n10.txt,False,148,1,1,False,False,True,False,False
Closure_83,Closure_83_n5.txt,False,147,1,1,False,False,False,False,False
Closure_83,Closure_83_n2.txt,False,160,2,1,False,False,False,False,False
Closure_83,Closure_83_n4.txt,False,144,2,1,False,False,False,False,False
Closure_84,Closure_84_n8.txt,False,66,1,1,False,False,False,False,False
Closure_85,Closure_85_n3.txt,False,112,1,1,True,False,False,False,False
Closure_85,Closure_85_n4.txt,False,81,1,1,True,False,False,False,False
Closure_87,Closure_87_n1.txt,False,64,1,1,False,True,False,False,False
Closure_87,Closure_87_n6.txt,False,44,1,1,False,False,False,False,False
Closure_87,Closure_87_n7.txt,False,86,1,1,False,False,False,False,False
Closure_90,Closure_90_n10.txt,False,123,1,1,False,False,False,False,False
Closure_92,Closure_92_n1.txt,False,86,1,1,False,False,False,False,False
Closure_96,Closure_96_n5.txt,False,108,1,1,False,True,False,False,False
Closure_97,Closure_97_n4.txt,False,24,1,1,False,False,True,False,False
Closure_98,Closure_98_n4.txt,False,139,1,1,False,False,False,False,False
Codec_10,Codec_10_n4.txt,False,32,1,1,False,False,False,False,False
Codec_10,Codec_10_n6.txt,False,32,1,1,False,False,False,False,False
Codec_10,Codec_10_n2.txt,False,32,1,1,False,False,False,False,False
Codec_10,Codec_10_n1.txt,False,32,1,1,False,False,False,False,False
Codec_10,Codec_10_n5.txt,False,32,1,1,False,False,False,False,False
Codec_10,Codec_10_n9.txt,False,32,1,1,False,False,False,False,False
Codec_10,Codec_10_n10.txt,False,42,1,1,False,False,False,False,False
Lang_17,Lang_17_n5.txt,True,31,8,6,False,False,False,False,False
Lang_17,Lang_17_n1.txt,True,31,8,1,False,False,False,False,False
Lang_17,Lang_17_n8.txt,True,31,8,1,False,False,False,False,False
Lang_20,Lang_20_n9.txt,True,67,1,1,True,False,False,False,False
Lang_42,Lang_42_n7.txt,True,63,10,1,False,False,True,False,False
Lang_42,Lang_42_n10.txt,True,68,10,4,False,False,True,False,False
Lang_42,Lang_42_n3.txt,True,68,10,2,False,False,True,False,False
Lang_42,Lang_42_n9.txt,True,63,10,1,False,False,True,False,False
Lang_42,Lang_42_n4.txt,True,73,10,1,False,False,True,False,False
Lang_42,Lang_42_n8.txt,True,63,10,1,False,False,True,False,False
Lang_44,Lang_44_n4.txt,False,41,1,1,True,False,False,False,True
Lang_44,Lang_44_n7.txt,False,41,1,1,True,False,False,False,True
Lang_46,Lang_46_n6.txt,True,37,10,10,False,False,False,False,False
Lang_47,Lang_47_n7.txt,False,52,1,1,True,False,False,False,False
Lang_49,Lang_49_n2.txt,False,47,3,1,False,False,False,False,False
Lang_49,Lang_49_n3.txt,True,50,3,2,False,False,False,False,False
Lang_51,Lang_51_n8.txt,True,19,4,4,True,True,False,True,False
Lang_51,Lang_51_n9.txt,True,34,2,2,True,False,False,False,True
Lang_51,Lang_51_n5.txt,True,34,1,1,True,False,False,False,True
Lang_52,Lang_52_n2.txt,True,42,8,5,False,False,False,False,False
Lang_52,Lang_52_n3.txt,True,36,1,1,False,False,False,False,False
Lang_52,Lang_52_n10.txt,True,29,8,1,False,False,False,False,False
Lang_52,Lang_52_n7.txt,False,42,1,1,False,False,True,False,False
Lang_52,Lang_52_n4.txt,True,37,8,2,False,False,False,False,False
Lang_53,Lang_53_n7.txt,False,112,1,1,False,False,False,False,False
Lang_53,Lang_53_n5.txt,False,110,5,5,False,False,False,False,False
Lang_53,Lang_53_n10.txt,False,112,1,1,False,False,False,False,False
Lang_53,Lang_53_n1.txt,False,94,1,1,False,False,False,False,False
Lang_53,Lang_53_n2.txt,False,94,1,1,False,False,False,False,False
Lang_53,Lang_53_n8.txt,False,94,1,1,False,False,False,False,False
Lang_54,Lang_54_n4.txt,True,50,7,6,True,True,False,False,False
Lang_54,Lang_54_n9.txt,True,65,1,1,True,False,False,False,False
Lang_54,Lang_54_n2.txt,True,65,1,1,True,False,False,False,False
Lang_54,Lang_54_n5.txt,True,27,7,1,True,True,False,False,False
Lang_54,Lang_54_n6.txt,True,65,1,1,True,False,False,False,False
Lang_56,Lang_56_n4.txt,True,100,1,1,False,True,False,False,False
Lang_57,Lang_57_n2.txt,False,50,1,1,True,False,False,False,True
Lang_57,Lang_57_n10.txt,True,40,1,1,True,False,False,False,True
Lang_57,Lang_57_n7.txt,True,43,1,1,True,False,False,False,True
Lang_58,Lang_58_n7.txt,True,41,8,3,True,True,False,True,False
Lang_58,Lang_58_n5.txt,True,160,8,2,True,True,False,True,False
Lang_58,Lang_58_n8.txt,True,58,8,2,True,True,False,True,False
Lang_58,Lang_58_n10.txt,True,160,8,1,True,True,False,True,False
Lang_59,Lang_59_n9.txt,False,56,3,1,True,False,False,False,True
Lang_59,Lang_59_n4.txt,False,51,3,1,True,False,False,False,True
Lang_59,Lang_59_n10.txt,False,41,1,1,True,False,False,False,True
Lang_59,Lang_59_n8.txt,False,41,2,1,True,False,False,False,True
Lang_59,Lang_59_n6.txt,False,41,3,1,True,False,False,False,True
Lang_59,Lang_59_n7.txt,False,41,2,1,True,False,False,False,True
Lang_59,Lang_59_n2.txt,False,41,3,1,True,False,False,False,True
Lang_59,Lang_59_n1.txt,False,41,3,1,True,False,False,False,True
Lang_59,Lang_59_n5.txt,False,41,3,1,True,False,False,False,True
Lang_60,Lang_60_n3.txt,False,61,1,1,False,False,False,False,False
Lang_60,Lang_60_n1.txt,False,36,1,1,False,False,False,False,False
Lang_60,Lang_60_n6.txt,False,85,1,1,False,False,False,False,False
Lang_61,Lang_61_n6.txt,True,70,6,1,True,True,False,True,False
Lang_61,Lang_61_n1.txt,True,70,6,3,True,True,False,True,False
Lang_61,Lang_61_n3.txt,True,70,6,1,True,True,False,True,False
Lang_61,Lang_61_n9.txt,True,70,6,1,True,True,False,True,False
Lang_62,Lang_62_n10.txt,True,61,3,2,False,False,False,False,False
Lang_62,Lang_62_n1.txt,True,55,3,1,False,False,False,False,False
Lang_64,Lang_64_n2.txt,False,95,1,1,False,False,False,False,False
Lang_64,Lang_64_n5.txt,False,100,1,1,False,False,False,False,False
Lang_65,Lang_65_n9.txt,True,87,2,1,False,False,False,False,False
Lang_65,Lang_65_n1.txt,True,82,2,1,False,False,False,False,False
Codec_11,Codec_11_n1.txt,True,38,7,4,True,True,False,False,False
Codec_11,Codec_11_n6.txt,True,57,1,1,True,False,False,False,False
Codec_11,Codec_11_n5.txt,True,38,7,2,True,True,False,False,False
Codec_11,Codec_11_n3.txt,True,62,1,1,True,False,False,False,False
Codec_11,Codec_11_n4.txt,True,43,7,1,True,True,False,False,False
Codec_11,Codec_11_n8.txt,True,57,1,1,True,False,False,False,False
Codec_12,Codec_12_n8.txt,True,55,10,3,False,False,True,False,False
Codec_12,Codec_12_n9.txt,True,55,10,1,False,False,True,False,False
Codec_12,Codec_12_n2.txt,True,55,10,1,False,False,True,False,False
Codec_12,Codec_12_n4.txt,True,55,10,1,False,False,True,False,False
Codec_12,Codec_12_n3.txt,True,55,10,1,False,False,True,False,False
Codec_12,Codec_12_n6.txt,True,55,10,1,False,False,True,False,False
Codec_12,Codec_12_n5.txt,True,55,10,1,False,False,True,False,False
Codec_12,Codec_12_n10.txt,True,55,10,1,False,False,True,False,False
Codec_13,Codec_13_n3.txt,False,69,1,1,True,False,False,False,True
Codec_13,Codec_13_n5.txt,False,69,1,1,True,False,False,False,True
Codec_13,Codec_13_n6.txt,True,71,1,1,True,False,False,False,True
Codec_13,Codec_13_n1.txt,True,48,2,1,True,True,False,True,False
Codec_13,Codec_13_n2.txt,False,56,2,1,True,True,False,True,False
Codec_13,Codec_13_n4.txt,False,71,1,1,True,False,False,False,True
Codec_15,Codec_15_n9.txt,True,32,1,1,False,False,False,False,False
Codec_15,Codec_15_n1.txt,False,27,1,1,False,False,False,False,False
Codec_15,Codec_15_n7.txt,False,39,1,1,False,False,False,False,False
Codec_15,Codec_15_n4.txt,True,32,1,1,False,False,False,False,False
Codec_15,Codec_15_n2.txt,False,39,1,1,False,False,False,False,False
Codec_15,Codec_15_n6.txt,False,32,1,1,False,False,False,False,False
Codec_15,Codec_15_n8.txt,False,39,1,1,False,False,False,False,False
Codec_15,Codec_15_n5.txt,False,39,1,1,False,False,False,False,False
Codec_15,Codec_15_n3.txt,False,57,1,1,False,False,False,False,False
Codec_16,Codec_16_n4.txt,False,39,1,1,False,True,False,False,False
Codec_16,Codec_16_n7.txt,False,58,1,1,False,False,False,False,False
Codec_16,Codec_16_n5.txt,False,49,1,1,False,False,False,False,False
Codec_16,Codec_16_n3.txt,False,62,1,1,False,False,False,False,False
Codec_17,Codec_17_n10.txt,True,17,10,9,False,True,False,False,False
Codec_17,Codec_17_n7.txt,True,51,10,1,False,True,False,False,False
Codec_18,Codec_18_n2.txt,False,44,2,1,False,False,False,False,False
Codec_18,Codec_18_n10.txt,False,44,2,1,False,False,False,False,False
Codec_18,Codec_18_n1.txt,False,46,1,1,False,False,False,False,False
Codec_18,Codec_18_n9.txt,False,41,1,1,False,False,False,False,False
Codec_18,Codec_18_n7.txt,False,41,1,1,False,False,False,False,False
Codec_3,Codec_3_n3.txt,True,71,1,1,False,False,True,False,False
Codec_4,Codec_4_n8.txt,False,89,1,1,False,False,False,False,False
Codec_4,Codec_4_n7.txt,True,77,4,1,False,False,False,False,False
Codec_4,Codec_4_n3.txt,True,97,4,1,False,False,False,False,False
Codec_4,Codec_4_n1.txt,True,87,4,1,False,False,False,False,False
Codec_4,Codec_4_n6.txt,True,87,4,1,False,False,False,False,False
Codec_4,Codec_4_n5.txt,True,74,2,1,False,False,False,False,False
Codec_4,Codec_4_n9.txt,True,91,1,1,False,False,False,False,False
Codec_4,Codec_4_n10.txt,False,110,1,1,False,False,False,False,False
Codec_4,Codec_4_n2.txt,True,72,2,1,False,False,False,False,False
Codec_5,Codec_5_n7.txt,True,106,2,1,True,True,False,True,False
Codec_5,Codec_5_n4.txt,True,92,2,1,True,True,False,True,False
Codec_6,Codec_6_n8.txt,False,83,1,1,True,False,False,False,False
Codec_6,Codec_6_n4.txt,False,80,1,1,True,False,False,False,False
Codec_7,Codec_7_n8.txt,True,109,6,1,False,False,True,False,False
Codec_7,Codec_7_n2.txt,True,109,6,5,False,False,True,False,False
Codec_7,Codec_7_n6.txt,False,109,1,1,False,False,True,False,False
Codec_8,Codec_8_n6.txt,True,79,1,1,True,False,False,False,True
Codec_8,Codec_8_n3.txt,True,117,1,1,True,False,False,False,True
Codec_8,Codec_8_n2.txt,True,101,1,1,True,False,False,False,True
Codec_8,Codec_8_n4.txt,True,80,1,1,True,True,False,True,True
Codec_9,Codec_9_n6.txt,False,61,1,1,True,False,False,False,False
Collections_27,Collections_27_n8.txt,False,123,1,1,False,False,False,False,False
Collections_27,Collections_27_n5.txt,False,141,1,1,False,False,False,False,False
Compress_10,Compress_10_n5.txt,False,115,1,1,False,True,False,False,False
Compress_10,Compress_10_n7.txt,False,111,1,1,False,False,False,False,False
Compress_11,Compress_11_n4.txt,True,71,1,1,True,False,False,False,False
Compress_12,Compress_12_n3.txt,False,107,1,1,True,False,False,False,True
Compress_12,Compress_12_n5.txt,False,99,2,1,True,False,False,False,True
Compress_12,Compress_12_n4.txt,False,84,1,1,True,False,False,False,True
Compress_12,Compress_12_n10.txt,False,88,3,1,True,False,False,False,True
Compress_12,Compress_12_n7.txt,False,86,3,1,True,False,False,False,True
Compress_12,Compress_12_n9.txt,False,86,1,1,True,False,False,False,True
Compress_12,Compress_12_n1.txt,False,93,2,1,True,False,False,False,True
Compress_12,Compress_12_n2.txt,False,97,3,1,True,False,False,False,True
Compress_13,Compress_13_n10.txt,False,141,1,1,False,True,False,False,False
Compress_16,Compress_16_n10.txt,False,77,1,1,False,True,False,False,False
Compress_16,Compress_16_n5.txt,False,72,1,1,False,False,False,False,False
Compress_16,Compress_16_n2.txt,False,82,2,1,False,True,False,False,False
Compress_16,Compress_16_n1.txt,False,90,2,1,False,True,False,False,False
Compress_17,Compress_17_n10.txt,False,98,1,1,True,False,False,False,True
Compress_17,Compress_17_n8.txt,False,90,1,1,True,True,False,False,True
Compress_18,Compress_18_n6.txt,False,117,1,1,True,True,False,False,True
Compress_18,Compress_18_n4.txt,False,85,1,1,True,True,False,False,True
Compress_18,Compress_18_n5.txt,False,191,1,1,True,True,False,False,True
Compress_18,Compress_18_n8.txt,False,86,1,1,True,True,False,False,True
Compress_19,Compress_19_n8.txt,False,67,1,1,True,False,False,False,True
Compress_19,Compress_19_n2.txt,False,59,1,1,True,False,False,False,True
Compress_20,Compress_20_n10.txt,False,76,1,1,True,False,False,False,True
Compress_20,Compress_20_n9.txt,False,80,1,1,True,False,False,False,True
Compress_22,Compress_22_n7.txt,False,94,5,1,False,True,False,False,False
Compress_22,Compress_22_n9.txt,False,104,5,1,False,True,False,False,False
Compress_22,Compress_22_n1.txt,False,63,5,1,False,True,False,False,False
Compress_22,Compress_22_n5.txt,False,216,2,1,False,True,False,False,False
Compress_22,Compress_22_n8.txt,False,102,5,1,False,True,False,False,False
Compress_22,Compress_22_n10.txt,False,149,2,1,False,True,False,False,False
Compress_22,Compress_22_n2.txt,False,96,5,1,False,True,False,False,False
Compress_23,Compress_23_n7.txt,False,74,1,1,True,False,False,False,True
Compress_23,Compress_23_n10.txt,False,78,1,1,True,False,False,False,True
Compress_24,Compress_24_n8.txt,True,196,1,1,True,False,False,False,False
Compress_24,Compress_24_n9.txt,False,111,2,1,True,True,False,False,True
Compress_24,Compress_24_n10.txt,False,167,1,1,True,True,False,False,True
Compress_24,Compress_24_n2.txt,False,127,2,1,True,True,False,False,True
Compress_24,Compress_24_n7.txt,False,130,1,1,True,False,False,False,True
Compress_25,Compress_25_n1.txt,False,147,1,1,False,False,False,False,False
Compress_26,Compress_26_n9.txt,True,159,1,1,False,False,True,False,False
Compress_26,Compress_26_n8.txt,True,128,1,1,False,False,True,False,False
Compress_26,Compress_26_n4.txt,True,112,1,1,False,False,True,False,False
Compress_27,Compress_27_n8.txt,False,97,1,1,True,False,False,False,True
Compress_27,Compress_27_n3.txt,False,105,1,1,True,True,False,False,True
Compress_27,Compress_27_n7.txt,False,143,1,1,True,False,False,False,True
Compress_27,Compress_27_n6.txt,False,161,1,1,True,False,False,False,True
Compress_27,Compress_27_n9.txt,False,184,1,1,True,False,False,False,True
Compress_3,Compress_3_n1.txt,False,65,1,1,False,True,False,False,False
Compress_3,Compress_3_n2.txt,False,53,1,1,False,False,False,False,False
Compress_3,Compress_3_n4.txt,False,68,1,1,False,False,False,False,False
Compress_30,Compress_30_n4.txt,True,194,10,6,False,False,True,False,False
Compress_30,Compress_30_n1.txt,True,176,10,1,False,False,True,False,False
Compress_30,Compress_30_n3.txt,True,202,10,1,False,False,True,False,False
Compress_30,Compress_30_n10.txt,True,176,10,1,False,False,True,False,False
Compress_30,Compress_30_n9.txt,True,196,10,1,False,False,True,False,False
Compress_31,Compress_31_n7.txt,False,218,1,1,True,False,False,False,False
Compress_31,Compress_31_n1.txt,False,79,1,1,True,True,False,False,False
Compress_31,Compress_31_n2.txt,False,96,1,1,True,False,False,False,False
Compress_32,Compress_32_n4.txt,False,74,1,1,True,False,False,False,True
Compress_32,Compress_32_n2.txt,False,76,1,1,True,False,False,False,True
Compress_32,Compress_32_n5.txt,False,745,2,1,True,False,False,False,True
Compress_32,Compress_32_n7.txt,False,138,1,1,True,True,False,False,False
Compress_32,Compress_32_n8.txt,False,107,2,1,True,False,False,False,False
Compress_32,Compress_32_n1.txt,False,88,1,1,True,True,False,False,True
Compress_34,Compress_34_n2.txt,False,103,2,1,True,False,False,False,False
Compress_34,Compress_34_n6.txt,False,99,2,1,True,False,False,False,False
Compress_35,Compress_35_n2.txt,False,201,1,1,False,False,False,False,False
Compress_35,Compress_35_n9.txt,False,157,1,1,False,False,False,False,False
Compress_35,Compress_35_n1.txt,False,85,1,1,False,False,False,False,False
Compress_37,Compress_37_n2.txt,False,64,1,1,True,False,False,False,True
Compress_38,Compress_38_n1.txt,True,84,1,1,False,False,False,False,False
Compress_40,Compress_40_n3.txt,False,101,1,1,True,False,False,False,False
Compress_40,Compress_40_n10.txt,False,109,1,1,True,False,False,False,False
Compress_40,Compress_40_n5.txt,False,109,1,1,True,False,False,False,False
Compress_40,Compress_40_n9.txt,False,106,1,1,True,False,False,False,False
Compress_41,Compress_41_n6.txt,False,158,1,1,True,False,False,False,False
Compress_41,Compress_41_n7.txt,False,173,1,1,True,True,False,False,False
Compress_41,Compress_41_n8.txt,False,78,1,1,True,False,False,False,False
Compress_41,Compress_41_n1.txt,False,138,1,1,True,False,False,False,False
Compress_41,Compress_41_n10.txt,False,94,1,1,True,False,False,False,False
Compress_41,Compress_41_n9.txt,False,86,1,1,True,False,False,False,False
Compress_41,Compress_41_n3.txt,False,100,1,1,True,False,False,False,False
Compress_41,Compress_41_n4.txt,False,163,1,1,True,False,False,False,False
Compress_41,Compress_41_n5.txt,False,231,1,1,True,False,False,False,False
Compress_42,Compress_42_n7.txt,False,50,9,1,False,True,False,False,False
Compress_42,Compress_42_n6.txt,False,115,9,1,False,True,False,False,False
Compress_42,Compress_42_n2.txt,False,59,9,1,False,True,False,False,False
Compress_42,Compress_42_n3.txt,False,121,9,1,False,True,False,False,False
Compress_42,Compress_42_n1.txt,False,67,9,1,False,True,False,False,False
Compress_42,Compress_42_n5.txt,False,68,9,1,False,True,False,False,False
Compress_42,Compress_42_n8.txt,False,70,9,1,False,True,False,False,False
Compress_42,Compress_42_n4.txt,False,64,9,1,False,True,False,False,False
Compress_42,Compress_42_n9.txt,False,100,1,1,False,True,False,False,False
Compress_42,Compress_42_n10.txt,False,61,9,1,False,True,False,False,False
Compress_43,Compress_43_n5.txt,False,239,1,1,False,False,False,False,False
Compress_43,Compress_43_n2.txt,False,143,1,1,False,False,False,False,False
Compress_43,Compress_43_n3.txt,False,223,1,1,False,False,True,False,False
Compress_43,Compress_43_n1.txt,False,250,1,1,False,False,False,False,False
Compress_43,Compress_43_n6.txt,False,143,1,1,False,False,False,False,False
Compress_45,Compress_45_n7.txt,False,94,1,1,False,False,False,False,False
Compress_45,Compress_45_n10.txt,False,50,1,1,False,False,False,False,False
Compress_45,Compress_45_n5.txt,False,76,1,1,False,False,False,False,False
Compress_45,Compress_45_n8.txt,False,97,2,1,False,False,False,False,False
Compress_45,Compress_45_n3.txt,False,77,2,1,False,False,False,False,False
Compress_46,Compress_46_n10.txt,False,58,1,1,False,True,False,False,False
Compress_46,Compress_46_n3.txt,False,141,1,1,False,False,False,False,False
Compress_47,Compress_47_n3.txt,False,139,1,1,True,False,False,False,False
Compress_47,Compress_47_n8.txt,False,100,1,1,True,False,False,False,True
Compress_47,Compress_47_n6.txt,False,110,1,1,True,False,False,False,False
Compress_47,Compress_47_n4.txt,False,74,1,1,True,False,False,False,True
Compress_7,Compress_7_n3.txt,False,331,1,1,False,False,False,False,False
Compress_7,Compress_7_n7.txt,False,259,1,1,False,False,False,False,False
Compress_8,Compress_8_n2.txt,False,66,1,1,False,False,False,False,False
Compress_8,Compress_8_n5.txt,False,82,1,1,False,False,False,False,False
Compress_9,Compress_9_n1.txt,False,193,1,1,False,True,False,False,False
Compress_9,Compress_9_n9.txt,False,206,1,1,False,True,False,False,False
Csv_10,Csv_10_n1.txt,False,77,1,1,False,False,True,False,False
Csv_12,Csv_12_n9.txt,False,127,1,1,True,True,False,True,True
Csv_14,Csv_14_n5.txt,False,79,1,1,False,False,False,False,False
Csv_14,Csv_14_n2.txt,True,75,3,2,False,False,True,False,False
Csv_14,Csv_14_n9.txt,False,72,5,1,False,False,True,False,False
Csv_14,Csv_14_n1.txt,False,70,5,1,False,False,True,False,False
Csv_14,Csv_14_n4.txt,False,77,5,1,False,False,True,False,False
Csv_14,Csv_14_n7.txt,False,72,1,1,False,False,True,False,False
Csv_14,Csv_14_n10.txt,False,77,5,1,False,False,True,False,False
Csv_14,Csv_14_n6.txt,True,75,3,1,False,False,True,False,False
Csv_14,Csv_14_n8.txt,False,77,5,1,False,False,True,False,False
Csv_15,Csv_15_n6.txt,True,67,5,1,False,False,True,False,False
Csv_15,Csv_15_n2.txt,False,91,2,1,False,False,True,False,False
Csv_15,Csv_15_n10.txt,True,72,5,1,False,False,True,False,False
Csv_15,Csv_15_n5.txt,True,68,5,1,False,False,True,False,False
Csv_15,Csv_15_n9.txt,True,67,5,1,False,False,True,False,False
Csv_15,Csv_15_n8.txt,True,72,5,1,False,False,True,False,False
Csv_15,Csv_15_n3.txt,False,64,2,1,False,False,True,False,False
Csv_15,Csv_15_n4.txt,True,67,1,1,False,False,True,False,False
Csv_16,Csv_16_n6.txt,False,130,1,1,False,False,True,False,False
Csv_16,Csv_16_n4.txt,False,133,1,1,False,False,True,False,False
Csv_16,Csv_16_n5.txt,True,113,3,1,False,False,True,False,False
Csv_16,Csv_16_n1.txt,True,119,3,1,False,False,True,False,False
Csv_16,Csv_16_n2.txt,True,116,3,1,False,False,True,False,False
Csv_4,Csv_4_n3.txt,False,89,1,1,True,False,False,False,False
Csv_5,Csv_5_n3.txt,True,48,10,3,False,False,True,False,False
Csv_5,Csv_5_n9.txt,True,48,10,5,False,False,True,False,False
Csv_5,Csv_5_n7.txt,True,43,10,1,False,False,True,False,False
Csv_5,Csv_5_n10.txt,True,48,10,1,False,False,True,False,False
Csv_7,Csv_7_n10.txt,False,138,1,1,False,False,True,False,False
Csv_7,Csv_7_n6.txt,False,95,1,1,False,False,False,False,False
Csv_8,Csv_8_n6.txt,True,47,3,1,False,False,False,False,False
Csv_8,Csv_8_n7.txt,True,47,1,1,False,False,False,False,False
Csv_8,Csv_8_n10.txt,False,61,2,1,False,False,False,False,False
Csv_8,Csv_8_n5.txt,True,47,3,1,False,False,False,False,False
Csv_8,Csv_8_n2.txt,True,61,3,1,False,False,False,False,False
Csv_8,Csv_8_n8.txt,False,58,1,1,False,False,False,False,False
Csv_8,Csv_8_n3.txt,False,58,1,1,False,False,False,False,False
Csv_8,Csv_8_n4.txt,False,58,2,1,False,False,False,False,False
Csv_8,Csv_8_n1.txt,False,61,1,1,False,False,False,False,False
Csv_8,Csv_8_n9.txt,False,58,1,1,False,False,False,False,False
Csv_9,Csv_9_n6.txt,False,74,4,1,True,True,False,False,False
Csv_9,Csv_9_n5.txt,False,113,4,1,True,True,False,False,False
Csv_9,Csv_9_n9.txt,False,101,1,1,True,False,False,False,False
Csv_9,Csv_9_n10.txt,False,81,4,1,True,True,False,False,False
Csv_9,Csv_9_n2.txt,False,79,4,1,True,True,False,False,False
Gson_10,Gson_10_n1.txt,True,262,10,2,False,False,False,False,False
Gson_10,Gson_10_n2.txt,True,257,10,1,False,False,False,False,False
Gson_10,Gson_10_n10.txt,True,257,10,1,False,False,False,False,False
Gson_10,Gson_10_n7.txt,True,248,10,1,False,False,False,False,False
Gson_10,Gson_10_n5.txt,True,262,10,3,False,False,False,False,False
Gson_10,Gson_10_n3.txt,True,257,10,1,False,False,False,False,False
Gson_10,Gson_10_n9.txt,True,262,10,1,False,False,False,False,False
Gson_12,Gson_12_n10.txt,False,53,1,1,True,False,False,False,True
Gson_13,Gson_13_n5.txt,False,103,2,1,False,True,False,False,False
Gson_13,Gson_13_n7.txt,True,55,2,1,False,False,True,False,False
Gson_13,Gson_13_n6.txt,False,83,2,1,False,True,False,False,False
Gson_13,Gson_13_n3.txt,True,44,2,1,False,False,True,False,False
Gson_15,Gson_15_n2.txt,True,92,1,1,False,False,False,False,False
Gson_15,Gson_15_n8.txt,True,89,1,1,False,True,False,False,False
Gson_5,Gson_5_n7.txt,True,176,1,1,True,False,False,False,True
Gson_5,Gson_5_n9.txt,True,69,1,1,True,False,False,False,True
Gson_5,Gson_5_n5.txt,True,68,1,1,True,False,False,False,True
Gson_5,Gson_5_n10.txt,True,68,1,1,True,False,False,False,True
Gson_7,Gson_7_n6.txt,True,80,10,5,False,True,False,False,False
Gson_7,Gson_7_n7.txt,True,80,10,5,False,True,False,False,False
Gson_8,Gson_8_n4.txt,False,203,1,1,False,False,False,False,False
JacksonCore_12,JacksonCore_12_n2.txt,True,171,1,1,False,False,False,False,False
JacksonCore_14,JacksonCore_14_n8.txt,True,62,3,1,False,True,False,False,False
JacksonCore_14,JacksonCore_14_n4.txt,True,74,3,1,False,True,False,False,False
JacksonCore_14,JacksonCore_14_n2.txt,True,68,3,1,False,True,False,False,False
JacksonCore_16,JacksonCore_16_n9.txt,False,108,1,1,False,False,True,False,False
JacksonCore_16,JacksonCore_16_n7.txt,False,190,1,1,False,True,False,False,False
JacksonCore_17,JacksonCore_17_n10.txt,False,171,1,1,True,False,False,False,True
JacksonCore_17,JacksonCore_17_n2.txt,False,121,1,1,True,False,False,False,True
JacksonCore_17,JacksonCore_17_n9.txt,False,99,1,1,True,False,False,False,True
JacksonCore_2,JacksonCore_2_n2.txt,True,69,1,1,True,False,False,False,False
JacksonCore_2,JacksonCore_2_n9.txt,True,69,1,1,True,False,False,False,False
JacksonCore_2,JacksonCore_2_n1.txt,True,77,1,1,True,False,False,False,False
JacksonCore_2,JacksonCore_2_n7.txt,True,75,1,1,True,False,False,False,False
JacksonCore_20,JacksonCore_20_n7.txt,True,123,7,1,True,True,False,False,False
JacksonCore_20,JacksonCore_20_n1.txt,True,123,7,1,True,True,False,False,False
JacksonCore_20,JacksonCore_20_n3.txt,True,91,7,1,True,True,False,False,False
JacksonCore_20,JacksonCore_20_n2.txt,False,98,7,1,True,True,False,False,False
JacksonCore_20,JacksonCore_20_n5.txt,True,64,7,1,True,True,False,False,False
JacksonCore_20,JacksonCore_20_n8.txt,True,122,7,1,True,True,False,False,False
JacksonCore_20,JacksonCore_20_n6.txt,True,101,7,1,True,True,False,False,False
JacksonCore_22,JacksonCore_22_n9.txt,False,114,1,1,False,False,False,False,False
JacksonCore_22,JacksonCore_22_n2.txt,False,122,1,1,False,False,False,False,False
JacksonCore_23,JacksonCore_23_n2.txt,True,45,1,1,False,False,False,False,False
JacksonCore_23,JacksonCore_23_n7.txt,False,59,1,1,False,False,False,False,False
JacksonCore_23,JacksonCore_23_n4.txt,True,51,1,1,False,False,False,False,False
JacksonCore_23,JacksonCore_23_n9.txt,True,45,1,1,False,False,False,False,False
JacksonCore_23,JacksonCore_23_n8.txt,False,43,1,1,False,False,False,False,False
JacksonCore_23,JacksonCore_23_n6.txt,False,39,1,1,False,False,False,False,False
JacksonCore_23,JacksonCore_23_n3.txt,False,56,1,1,False,False,False,False,False
JacksonCore_23,JacksonCore_23_n1.txt,False,52,1,1,False,False,False,False,False
JacksonCore_23,JacksonCore_23_n10.txt,False,53,1,1,False,False,False,False,False
JacksonCore_3,JacksonCore_3_n2.txt,False,133,1,1,True,False,False,False,False
JacksonCore_4,JacksonCore_4_n6.txt,False,104,1,1,True,False,False,False,True
JacksonCore_4,JacksonCore_4_n4.txt,False,129,1,1,True,False,False,False,True
JacksonCore_4,JacksonCore_4_n5.txt,False,109,1,1,True,False,False,False,True
JacksonCore_5,JacksonCore_5_n8.txt,True,29,1,1,True,False,False,False,False
JacksonCore_5,JacksonCore_5_n10.txt,True,29,1,1,True,False,False,False,False
JacksonCore_5,JacksonCore_5_n9.txt,True,29,1,1,True,False,False,False,False
JacksonCore_5,JacksonCore_5_n1.txt,True,33,1,1,True,True,False,False,False
JacksonCore_5,JacksonCore_5_n2.txt,True,29,1,1,True,False,False,False,False
JacksonCore_5,JacksonCore_5_n7.txt,True,37,1,1,True,False,False,False,False
JacksonCore_5,JacksonCore_5_n3.txt,True,29,1,1,True,False,False,False,False
JacksonCore_5,JacksonCore_5_n5.txt,True,29,1,1,True,False,False,False,False
JacksonCore_5,JacksonCore_5_n4.txt,True,37,1,1,True,False,False,False,False
JacksonCore_5,JacksonCore_5_n6.txt,True,37,1,1,True,False,False,False,False
JacksonCore_6,JacksonCore_6_n4.txt,False,50,1,1,False,False,False,False,False
JacksonCore_6,JacksonCore_6_n7.txt,False,46,1,1,False,False,False,False,False
JacksonCore_6,JacksonCore_6_n6.txt,False,29,1,1,False,False,False,False,False
JacksonCore_7,JacksonCore_7_n5.txt,True,72,1,1,True,False,False,False,False
JacksonCore_7,JacksonCore_7_n2.txt,False,69,1,1,True,False,False,False,False
JacksonCore_7,JacksonCore_7_n4.txt,False,82,1,1,True,False,False,False,False
JacksonCore_7,JacksonCore_7_n6.txt,True,79,1,1,True,False,False,False,False
JacksonCore_9,JacksonCore_9_n1.txt,True,75,2,1,False,False,True,False,False
JacksonCore_9,JacksonCore_9_n10.txt,True,69,3,1,False,False,True,False,False
JacksonCore_9,JacksonCore_9_n7.txt,True,68,2,1,False,False,True,False,False
JacksonCore_9,JacksonCore_9_n5.txt,True,71,3,1,False,False,True,False,False
JacksonCore_9,JacksonCore_9_n3.txt,True,66,1,1,False,False,True,False,False
JacksonCore_9,JacksonCore_9_n8.txt,True,75,3,1,False,False,True,False,False
JacksonDatabind_100,JacksonDatabind_100_n9.txt,False,89,1,1,False,False,False,False,False
JacksonDatabind_100,JacksonDatabind_100_n2.txt,False,80,1,1,False,True,False,False,False
JacksonDatabind_100,JacksonDatabind_100_n6.txt,False,133,1,1,False,True,False,False,False
JacksonDatabind_102,JacksonDatabind_102_n7.txt,True,77,1,1,False,False,False,False,False
JacksonDatabind_102,JacksonDatabind_102_n5.txt,True,77,1,1,False,False,False,False,False
JacksonDatabind_102,JacksonDatabind_102_n9.txt,True,78,2,1,False,False,False,False,False
JacksonDatabind_102,JacksonDatabind_102_n1.txt,True,77,1,1,False,False,False,False,False
JacksonDatabind_102,JacksonDatabind_102_n4.txt,True,77,2,1,False,False,False,False,False
JacksonDatabind_102,JacksonDatabind_102_n2.txt,True,77,1,1,False,False,False,False,False
JacksonDatabind_102,JacksonDatabind_102_n10.txt,True,77,2,1,False,False,False,False,False
JacksonDatabind_102,JacksonDatabind_102_n8.txt,True,90,1,1,False,False,False,False,False
JacksonDatabind_102,JacksonDatabind_102_n6.txt,True,83,1,1,False,False,False,False,False
JacksonDatabind_102,JacksonDatabind_102_n3.txt,True,77,2,1,False,False,False,False,False
JacksonDatabind_104,JacksonDatabind_104_n2.txt,False,79,1,1,True,False,False,False,False
JacksonDatabind_104,JacksonDatabind_104_n4.txt,False,117,1,1,True,False,False,False,True
JacksonDatabind_104,JacksonDatabind_104_n6.txt,False,104,2,1,True,True,False,True,True
JacksonDatabind_104,JacksonDatabind_104_n7.txt,False,66,1,1,True,False,False,False,True
JacksonDatabind_104,JacksonDatabind_104_n8.txt,False,56,2,1,True,True,False,True,False
JacksonDatabind_107,JacksonDatabind_107_n5.txt,False,103,5,1,False,True,False,False,False
JacksonDatabind_107,JacksonDatabind_107_n3.txt,False,99,5,1,False,True,False,False,False
JacksonDatabind_107,JacksonDatabind_107_n8.txt,False,101,1,1,False,False,False,False,False
JacksonDatabind_107,JacksonDatabind_107_n10.txt,False,101,5,1,False,True,False,False,False
JacksonDatabind_107,JacksonDatabind_107_n7.txt,False,130,1,1,False,False,False,False,False
JacksonDatabind_107,JacksonDatabind_107_n9.txt,False,100,5,1,False,True,False,False,False
JacksonDatabind_107,JacksonDatabind_107_n4.txt,False,94,5,1,False,True,False,False,False
JacksonDatabind_107,JacksonDatabind_107_n2.txt,False,101,1,1,False,False,False,False,False
JacksonDatabind_108,JacksonDatabind_108_n2.txt,False,32,6,2,True,False,False,False,False
JacksonDatabind_108,JacksonDatabind_108_n6.txt,False,32,6,1,True,False,False,False,False
JacksonDatabind_108,JacksonDatabind_108_n7.txt,False,39,1,1,True,False,False,False,False
JacksonDatabind_108,JacksonDatabind_108_n4.txt,False,37,6,1,True,False,False,False,False
JacksonDatabind_108,JacksonDatabind_108_n8.txt,False,37,6,1,True,False,False,False,False
JacksonDatabind_108,JacksonDatabind_108_n10.txt,False,32,6,1,True,False,False,False,False
JacksonDatabind_109,JacksonDatabind_109_n5.txt,True,91,4,1,False,False,False,False,False
JacksonDatabind_109,JacksonDatabind_109_n2.txt,True,93,4,1,False,False,False,False,False
JacksonDatabind_109,JacksonDatabind_109_n4.txt,False,91,2,1,False,False,False,False,False
JacksonDatabind_109,JacksonDatabind_109_n3.txt,True,100,4,1,False,False,False,False,False
JacksonDatabind_109,JacksonDatabind_109_n1.txt,False,93,2,1,False,False,False,False,False
JacksonDatabind_109,JacksonDatabind_109_n7.txt,True,91,4,1,False,False,False,False,False
JacksonDatabind_11,JacksonDatabind_11_n10.txt,False,155,1,1,False,False,False,False,False
JacksonDatabind_110,JacksonDatabind_110_n7.txt,False,109,5,5,True,True,False,True,False
JacksonDatabind_110,JacksonDatabind_110_n3.txt,False,130,2,2,True,False,False,False,True
JacksonDatabind_110,JacksonDatabind_110_n10.txt,False,130,1,1,True,False,False,False,True
JacksonDatabind_111,JacksonDatabind_111_n8.txt,False,172,4,1,False,True,False,False,False
JacksonDatabind_111,JacksonDatabind_111_n6.txt,False,185,4,3,False,True,False,False,False
JacksonDatabind_112,JacksonDatabind_112_n6.txt,False,251,1,1,False,True,False,False,False
JacksonDatabind_112,JacksonDatabind_112_n3.txt,False,146,1,1,False,False,False,False,False
JacksonDatabind_112,JacksonDatabind_112_n7.txt,False,161,1,1,False,True,False,False,False
JacksonDatabind_16,JacksonDatabind_16_n6.txt,True,51,4,2,False,False,False,False,False
JacksonDatabind_16,JacksonDatabind_16_n2.txt,True,49,4,2,False,False,False,False,False
JacksonDatabind_17,JacksonDatabind_17_n10.txt,False,181,2,1,True,True,False,True,True
JacksonDatabind_17,JacksonDatabind_17_n8.txt,False,175,2,1,True,True,False,True,True
JacksonDatabind_18,JacksonDatabind_18_n8.txt,False,87,1,1,True,True,False,False,True
JacksonDatabind_18,JacksonDatabind_18_n1.txt,False,114,1,1,True,True,False,False,True
JacksonDatabind_18,JacksonDatabind_18_n4.txt,False,76,1,1,True,True,False,False,True
JacksonDatabind_18,JacksonDatabind_18_n6.txt,False,115,1,1,True,True,False,False,True
JacksonDatabind_19,JacksonDatabind_19_n8.txt,False,115,1,1,False,False,False,False,False
JacksonDatabind_19,JacksonDatabind_19_n7.txt,False,91,3,1,False,False,False,False,False
JacksonDatabind_19,JacksonDatabind_19_n1.txt,False,91,3,1,False,False,False,False,False
JacksonDatabind_19,JacksonDatabind_19_n4.txt,False,91,3,1,False,False,False,False,False
JacksonDatabind_19,JacksonDatabind_19_n5.txt,False,91,2,1,False,False,False,False,False
JacksonDatabind_19,JacksonDatabind_19_n9.txt,False,70,1,1,False,False,False,False,False
JacksonDatabind_19,JacksonDatabind_19_n3.txt,False,91,2,1,False,False,False,False,False
JacksonDatabind_22,JacksonDatabind_22_n9.txt,True,151,1,1,False,False,False,False,False
JacksonDatabind_22,JacksonDatabind_22_n2.txt,False,51,1,1,False,False,False,False,False
JacksonDatabind_22,JacksonDatabind_22_n5.txt,True,121,1,1,False,False,False,False,False
JacksonDatabind_22,JacksonDatabind_22_n3.txt,True,156,1,1,False,False,False,False,False
JacksonDatabind_22,JacksonDatabind_22_n1.txt,True,144,1,1,False,False,False,False,False
JacksonDatabind_22,JacksonDatabind_22_n7.txt,True,122,1,1,False,False,False,False,False
JacksonDatabind_22,JacksonDatabind_22_n10.txt,False,146,1,1,False,False,False,False,False
JacksonDatabind_23,JacksonDatabind_23_n8.txt,True,143,4,1,False,False,False,False,False
JacksonDatabind_23,JacksonDatabind_23_n6.txt,True,107,2,1,False,False,False,False,False
JacksonDatabind_23,JacksonDatabind_23_n10.txt,True,112,2,1,False,False,False,False,False
JacksonDatabind_23,JacksonDatabind_23_n9.txt,True,143,4,1,False,False,False,False,False
JacksonDatabind_23,JacksonDatabind_23_n1.txt,True,92,4,1,False,False,False,False,False
JacksonDatabind_23,JacksonDatabind_23_n3.txt,True,70,1,1,False,False,False,False,False
JacksonDatabind_23,JacksonDatabind_23_n7.txt,True,105,4,1,False,False,False,False,False
JacksonDatabind_26,JacksonDatabind_26_n5.txt,False,112,3,1,False,False,False,False,False
JacksonDatabind_26,JacksonDatabind_26_n3.txt,False,88,1,1,False,False,False,False,False
JacksonDatabind_26,JacksonDatabind_26_n2.txt,False,118,3,1,False,False,False,False,False
JacksonDatabind_26,JacksonDatabind_26_n1.txt,False,116,3,1,False,False,False,False,False
JacksonDatabind_27,JacksonDatabind_27_n10.txt,False,130,1,1,False,True,False,False,False
JacksonDatabind_27,JacksonDatabind_27_n4.txt,False,153,1,1,False,True,False,False,False
JacksonDatabind_27,JacksonDatabind_27_n7.txt,False,212,1,1,False,True,False,False,False
JacksonDatabind_3,JacksonDatabind_3_n8.txt,True,82,10,2,False,True,False,False,False
JacksonDatabind_3,JacksonDatabind_3_n5.txt,True,77,10,1,False,True,False,False,False
JacksonDatabind_3,JacksonDatabind_3_n6.txt,True,88,10,1,False,True,False,False,False
JacksonDatabind_3,JacksonDatabind_3_n2.txt,True,77,10,1,False,True,False,False,False
JacksonDatabind_3,JacksonDatabind_3_n9.txt,True,57,10,1,False,True,False,False,False
JacksonDatabind_3,JacksonDatabind_3_n4.txt,True,82,10,1,False,True,False,False,False
JacksonDatabind_3,JacksonDatabind_3_n10.txt,True,82,10,1,False,True,False,False,False
JacksonDatabind_3,JacksonDatabind_3_n7.txt,True,77,10,1,False,True,False,False,False
JacksonDatabind_3,JacksonDatabind_3_n3.txt,True,82,10,1,False,True,False,False,False
JacksonDatabind_31,JacksonDatabind_31_n5.txt,False,169,1,1,False,False,False,False,False
JacksonDatabind_33,JacksonDatabind_33_n1.txt,True,103,9,7,False,True,False,False,False
JacksonDatabind_33,JacksonDatabind_33_n7.txt,True,85,9,1,False,True,False,False,False
JacksonDatabind_33,JacksonDatabind_33_n2.txt,True,112,9,1,False,True,False,False,False
JacksonDatabind_35,JacksonDatabind_35_n9.txt,False,200,1,1,False,True,False,False,False
JacksonDatabind_36,JacksonDatabind_36_n6.txt,True,81,3,1,False,True,False,False,False
JacksonDatabind_36,JacksonDatabind_36_n1.txt,True,72,3,1,False,True,False,False,False
JacksonDatabind_36,JacksonDatabind_36_n2.txt,True,82,3,1,False,True,False,False,False
JacksonDatabind_36,JacksonDatabind_36_n10.txt,True,79,1,1,False,False,False,False,False
JacksonDatabind_38,JacksonDatabind_38_n3.txt,False,112,1,1,True,True,False,False,False
JacksonDatabind_38,JacksonDatabind_38_n5.txt,False,84,1,1,True,False,False,False,False
JacksonDatabind_4,JacksonDatabind_4_n5.txt,False,114,1,1,True,False,False,False,True
JacksonDatabind_4,JacksonDatabind_4_n1.txt,False,104,1,1,True,False,False,False,True
JacksonDatabind_4,JacksonDatabind_4_n4.txt,False,82,1,1,True,True,False,False,True
JacksonDatabind_40,JacksonDatabind_40_n1.txt,True,74,1,1,True,False,False,False,True
JacksonDatabind_40,JacksonDatabind_40_n8.txt,True,74,1,1,True,False,False,False,True
JacksonDatabind_40,JacksonDatabind_40_n9.txt,True,62,2,1,True,False,False,False,False
JacksonDatabind_40,JacksonDatabind_40_n4.txt,True,68,2,1,True,False,False,False,True
JacksonDatabind_40,JacksonDatabind_40_n5.txt,False,86,1,1,True,False,False,False,True
JacksonDatabind_40,JacksonDatabind_40_n7.txt,True,75,1,1,True,False,False,False,True
JacksonDatabind_42,JacksonDatabind_42_n1.txt,True,64,4,1,False,False,False,False,False
JacksonDatabind_42,JacksonDatabind_42_n8.txt,True,64,2,2,False,False,False,False,False
JacksonDatabind_42,JacksonDatabind_42_n10.txt,True,64,1,1,False,False,False,False,False
JacksonDatabind_42,JacksonDatabind_42_n9.txt,True,57,1,1,False,False,True,False,False
JacksonDatabind_42,JacksonDatabind_42_n6.txt,True,64,4,1,False,False,False,False,False
JacksonDatabind_42,JacksonDatabind_42_n4.txt,True,64,4,1,False,False,False,False,False
JacksonDatabind_42,JacksonDatabind_42_n2.txt,True,60,2,1,False,False,False,False,False
JacksonDatabind_42,JacksonDatabind_42_n3.txt,True,68,4,1,False,False,False,False,False
JacksonDatabind_42,JacksonDatabind_42_n7.txt,True,67,2,1,False,False,False,False,False
JacksonDatabind_44,JacksonDatabind_44_n10.txt,False,230,1,1,False,True,False,False,False
JacksonDatabind_44,JacksonDatabind_44_n9.txt,False,137,1,1,False,True,False,False,False
JacksonDatabind_46,JacksonDatabind_46_n3.txt,False,50,6,1,False,False,True,False,False
JacksonDatabind_46,JacksonDatabind_46_n4.txt,False,43,4,3,False,False,False,False,False
JacksonDatabind_46,JacksonDatabind_46_n7.txt,False,48,6,3,False,False,True,False,False
JacksonDatabind_46,JacksonDatabind_46_n2.txt,False,56,6,1,False,False,True,False,False
JacksonDatabind_46,JacksonDatabind_46_n5.txt,False,58,6,1,False,False,True,False,False
JacksonDatabind_46,JacksonDatabind_46_n9.txt,False,53,4,1,False,False,False,False,False
JacksonDatabind_48,JacksonDatabind_48_n10.txt,True,286,3,1,False,False,True,False,False
JacksonDatabind_48,JacksonDatabind_48_n6.txt,True,302,3,1,False,False,True,False,False
JacksonDatabind_48,JacksonDatabind_48_n4.txt,True,310,2,1,False,False,True,False,False
JacksonDatabind_48,JacksonDatabind_48_n7.txt,True,290,1,1,False,False,True,False,False
JacksonDatabind_48,JacksonDatabind_48_n2.txt,True,304,3,1,False,False,True,False,False
JacksonDatabind_48,JacksonDatabind_48_n1.txt,True,306,1,1,False,False,True,False,False
JacksonDatabind_48,JacksonDatabind_48_n8.txt,True,306,1,1,False,False,True,False,False
JacksonDatabind_48,JacksonDatabind_48_n3.txt,True,304,1,1,False,False,True,False,False
JacksonDatabind_48,JacksonDatabind_48_n9.txt,True,304,2,1,False,False,True,False,False
JacksonDatabind_53,JacksonDatabind_53_n2.txt,False,160,1,1,False,False,False,False,False
JacksonDatabind_53,JacksonDatabind_53_n1.txt,False,239,1,1,False,True,False,False,False
JacksonDatabind_57,JacksonDatabind_57_n4.txt,False,77,1,1,False,False,False,False,False
JacksonDatabind_58,JacksonDatabind_58_n10.txt,False,148,1,1,True,False,False,False,False
JacksonDatabind_50,JacksonDatabind_50_n4.txt,False,307,1,1,False,True,False,False,False
JacksonDatabind_50,JacksonDatabind_50_n10.txt,False,213,1,1,False,True,False,False,False
JacksonDatabind_50,JacksonDatabind_50_n2.txt,False,234,1,1,False,True,False,False,False
JacksonDatabind_56,JacksonDatabind_56_n3.txt,True,44,7,1,False,False,False,False,False
JacksonDatabind_56,JacksonDatabind_56_n7.txt,True,73,7,1,False,False,False,False,False
JacksonDatabind_56,JacksonDatabind_56_n5.txt,True,68,7,1,False,False,False,False,False
JacksonDatabind_56,JacksonDatabind_56_n9.txt,True,77,3,1,False,False,False,False,False
JacksonDatabind_56,JacksonDatabind_56_n10.txt,True,68,7,1,False,False,False,False,False
JacksonDatabind_56,JacksonDatabind_56_n1.txt,True,66,3,1,False,False,False,False,False
JacksonDatabind_56,JacksonDatabind_56_n4.txt,True,78,3,1,False,False,False,False,False
JacksonDatabind_56,JacksonDatabind_56_n2.txt,True,54,7,1,False,False,False,False,False
JacksonDatabind_56,JacksonDatabind_56_n6.txt,True,54,7,1,False,False,False,False,False
JacksonDatabind_56,JacksonDatabind_56_n8.txt,True,63,7,1,False,False,False,False,False
JacksonDatabind_6,JacksonDatabind_6_n4.txt,False,81,2,1,False,False,False,False,False
JacksonDatabind_6,JacksonDatabind_6_n3.txt,True,79,1,1,False,False,False,False,False
JacksonDatabind_6,JacksonDatabind_6_n9.txt,False,85,2,1,False,False,False,False,False
JacksonDatabind_7,JacksonDatabind_7_n2.txt,False,207,1,1,False,False,True,False,False
JacksonDatabind_62,JacksonDatabind_62_n9.txt,True,92,7,1,True,True,False,True,False
JacksonDatabind_62,JacksonDatabind_62_n7.txt,True,92,7,2,True,True,False,True,False
JacksonDatabind_62,JacksonDatabind_62_n8.txt,True,89,7,1,True,True,False,True,False
JacksonDatabind_62,JacksonDatabind_62_n4.txt,True,89,7,1,True,True,False,True,False
JacksonDatabind_62,JacksonDatabind_62_n3.txt,True,113,1,1,True,False,False,False,True
JacksonDatabind_62,JacksonDatabind_62_n2.txt,True,97,7,1,True,True,False,True,False
JacksonDatabind_62,JacksonDatabind_62_n6.txt,True,92,7,1,True,True,False,True,False
JacksonDatabind_64,JacksonDatabind_64_n6.txt,False,72,2,1,False,False,False,False,False
JacksonDatabind_64,JacksonDatabind_64_n9.txt,False,97,2,1,False,False,False,False,False
JacksonDatabind_71,JacksonDatabind_71_n10.txt,True,64,2,1,False,True,False,False,False
JacksonDatabind_71,JacksonDatabind_71_n5.txt,True,75,2,1,False,True,False,False,False
JacksonDatabind_71,JacksonDatabind_71_n7.txt,True,103,1,1,False,False,False,False,False
JacksonDatabind_74,JacksonDatabind_74_n2.txt,False,50,1,1,False,False,False,False,False
JacksonDatabind_74,JacksonDatabind_74_n4.txt,False,55,1,1,False,True,False,False,False
JacksonDatabind_74,JacksonDatabind_74_n1.txt,False,52,1,1,False,False,False,False,False
JacksonDatabind_8,JacksonDatabind_8_n4.txt,False,50,1,1,True,False,False,False,False
JacksonDatabind_8,JacksonDatabind_8_n10.txt,False,118,1,1,True,False,False,False,False
JacksonDatabind_80,JacksonDatabind_80_n9.txt,False,156,1,1,False,False,False,False,False
JacksonDatabind_79,JacksonDatabind_79_n8.txt,False,100,1,1,False,False,False,False,False
JacksonDatabind_79,JacksonDatabind_79_n2.txt,True,103,1,1,False,False,False,False,False
JacksonDatabind_79,JacksonDatabind_79_n7.txt,True,151,1,1,False,False,False,False,False
JacksonDatabind_79,JacksonDatabind_79_n5.txt,False,133,1,1,False,False,False,False,False
JacksonDatabind_79,JacksonDatabind_79_n10.txt,True,176,2,1,False,False,False,False,False
JacksonDatabind_79,JacksonDatabind_79_n9.txt,True,106,1,1,False,False,False,False,False
JacksonDatabind_79,JacksonDatabind_79_n4.txt,True,129,2,1,False,False,False,False,False
JacksonDatabind_79,JacksonDatabind_79_n3.txt,True,100,1,1,False,False,False,False,False
JacksonDatabind_81,JacksonDatabind_81_n9.txt,False,93,1,1,False,True,False,False,False
JacksonDatabind_84,JacksonDatabind_84_n2.txt,False,109,1,1,False,False,False,False,False
JacksonDatabind_85,JacksonDatabind_85_n10.txt,False,82,4,1,False,False,False,False,False
JacksonDatabind_85,JacksonDatabind_85_n5.txt,False,102,4,1,False,False,False,False,False
JacksonDatabind_85,JacksonDatabind_85_n7.txt,False,83,4,1,False,False,False,False,False
JacksonDatabind_85,JacksonDatabind_85_n6.txt,False,118,4,1,False,False,False,False,False
JacksonDatabind_88,JacksonDatabind_88_n8.txt,False,81,1,1,False,False,False,False,False
JacksonDatabind_88,JacksonDatabind_88_n10.txt,False,106,1,1,False,False,False,False,False
JacksonDatabind_92,JacksonDatabind_92_n5.txt,False,74,1,1,False,False,False,False,False
JacksonDatabind_92,JacksonDatabind_92_n6.txt,False,78,1,1,False,False,False,False,False
JacksonDatabind_87,JacksonDatabind_87_n4.txt,True,98,5,1,False,False,False,False,False
JacksonDatabind_87,JacksonDatabind_87_n9.txt,True,80,1,1,False,False,False,False,False
JacksonDatabind_87,JacksonDatabind_87_n3.txt,True,114,5,1,False,False,False,False,False
JacksonDatabind_87,JacksonDatabind_87_n2.txt,True,80,2,2,False,False,False,False,False
JacksonDatabind_87,JacksonDatabind_87_n6.txt,True,103,5,1,False,False,False,False,False
JacksonDatabind_87,JacksonDatabind_87_n5.txt,True,114,5,1,False,False,False,False,False
JacksonDatabind_87,JacksonDatabind_87_n1.txt,True,109,5,1,False,False,False,False,False
JacksonDatabind_93,JacksonDatabind_93_n2.txt,False,68,1,1,True,True,False,False,True
JacksonXml_3,JacksonXml_3_n9.txt,False,68,1,1,False,False,True,False,False
JacksonXml_3,JacksonXml_3_n4.txt,False,130,1,1,False,False,True,False,False
JacksonXml_4,JacksonXml_4_n2.txt,True,60,2,1,False,False,False,False,False
JacksonXml_4,JacksonXml_4_n8.txt,True,55,2,1,False,False,False,False,False
JacksonDatabind_94,JacksonDatabind_94_n10.txt,False,70,1,1,False,False,False,False,False
JacksonDatabind_94,JacksonDatabind_94_n2.txt,False,93,1,1,False,False,False,False,False
JacksonDatabind_94,JacksonDatabind_94_n9.txt,False,105,1,1,False,False,False,False,False
JacksonDatabind_94,JacksonDatabind_94_n8.txt,False,66,1,1,False,True,False,False,False
JacksonXml_5,JacksonXml_5_n5.txt,True,97,5,4,False,False,True,False,False
JacksonXml_5,JacksonXml_5_n10.txt,True,103,1,1,False,False,False,False,False
JacksonXml_5,JacksonXml_5_n8.txt,True,95,5,1,False,False,True,False,False
JacksonXml_6,JacksonXml_6_n6.txt,False,111,1,1,False,False,False,False,False
JacksonDatabind_96,JacksonDatabind_96_n10.txt,False,138,1,1,False,True,False,False,False
JacksonDatabind_96,JacksonDatabind_96_n2.txt,False,171,1,1,False,True,False,False,False
Jsoup_1,Jsoup_1_n3.txt,True,33,10,10,False,False,True,False,False
JacksonDatabind_95,JacksonDatabind_95_n7.txt,True,54,1,1,True,False,False,False,False
Jsoup_11,Jsoup_11_n3.txt,True,58,1,1,False,True,False,False,False
Jsoup_11,Jsoup_11_n2.txt,True,53,1,1,False,True,False,False,False
Jsoup_11,Jsoup_11_n4.txt,True,58,1,1,False,True,False,False,False
Jsoup_11,Jsoup_11_n6.txt,True,53,2,1,False,True,False,False,False
Jsoup_11,Jsoup_11_n7.txt,True,53,3,1,False,True,False,False,False
Jsoup_11,Jsoup_11_n9.txt,True,53,3,1,False,True,False,False,False
Jsoup_11,Jsoup_11_n10.txt,True,58,2,1,False,True,False,False,False
Jsoup_11,Jsoup_11_n5.txt,True,75,3,1,False,True,False,False,False
Jsoup_15,Jsoup_15_n2.txt,False,110,1,1,False,False,False,False,False
Jsoup_13,Jsoup_13_n6.txt,True,58,7,1,False,False,False,False,False
Jsoup_13,Jsoup_13_n3.txt,True,53,7,1,False,False,False,False,False
Jsoup_13,Jsoup_13_n5.txt,True,58,2,1,False,False,False,False,False
Jsoup_13,Jsoup_13_n8.txt,True,62,7,1,False,False,False,False,False
Jsoup_13,Jsoup_13_n9.txt,True,58,7,1,False,False,False,False,False
Jsoup_13,Jsoup_13_n2.txt,True,54,2,1,False,False,False,False,False
Jsoup_13,Jsoup_13_n7.txt,True,62,7,1,False,False,False,False,False
Jsoup_13,Jsoup_13_n10.txt,True,58,7,1,False,False,False,False,False
Jsoup_13,Jsoup_13_n4.txt,True,59,7,1,False,False,False,False,False
Jsoup_14,Jsoup_14_n1.txt,True,60,1,1,False,False,False,False,False
Jsoup_14,Jsoup_14_n2.txt,True,60,4,1,False,False,False,False,False
Jsoup_14,Jsoup_14_n6.txt,True,60,1,1,False,False,False,False,False
Jsoup_14,Jsoup_14_n5.txt,True,60,1,1,False,False,False,False,False
Jsoup_14,Jsoup_14_n8.txt,True,60,1,1,False,False,False,False,False
Jsoup_14,Jsoup_14_n3.txt,True,60,4,1,False,False,False,False,False
Jsoup_14,Jsoup_14_n9.txt,True,63,4,1,False,False,False,False,False
Jsoup_14,Jsoup_14_n4.txt,True,58,2,1,False,False,False,False,False
Jsoup_14,Jsoup_14_n10.txt,True,58,2,1,False,False,False,False,False
Jsoup_14,Jsoup_14_n7.txt,True,61,4,1,False,False,False,False,False
Jsoup_18,Jsoup_18_n1.txt,False,78,1,1,False,False,False,False,False
Jsoup_16,Jsoup_16_n3.txt,False,38,2,2,False,False,False,False,False
Jsoup_16,Jsoup_16_n8.txt,False,38,1,1,False,False,False,False,False
Jsoup_16,Jsoup_16_n7.txt,True,38,1,1,False,False,False,False,False
Jsoup_16,Jsoup_16_n4.txt,False,41,2,1,False,False,False,False,False
Jsoup_16,Jsoup_16_n6.txt,False,41,1,1,False,True,False,False,False
Jsoup_16,Jsoup_16_n9.txt,True,41,2,1,False,False,False,False,False
Jsoup_2,Jsoup_2_n8.txt,False,45,1,1,False,False,True,False,False
Jsoup_2,Jsoup_2_n9.txt,False,43,2,1,False,False,False,False,False
Jsoup_2,Jsoup_2_n5.txt,False,54,2,1,False,False,False,False,False
Jsoup_2,Jsoup_2_n10.txt,False,65,2,1,False,False,False,False,False
Jsoup_2,Jsoup_2_n1.txt,False,53,1,1,False,False,True,False,False
Jsoup_2,Jsoup_2_n4.txt,True,63,2,1,False,False,False,False,False
Jsoup_2,Jsoup_2_n3.txt,False,71,1,1,False,False,False,False,False
Jsoup_17,Jsoup_17_n3.txt,True,40,9,1,False,False,False,False,False
Jsoup_17,Jsoup_17_n5.txt,True,45,9,1,False,False,False,False,False
Jsoup_17,Jsoup_17_n8.txt,True,35,9,3,False,False,False,False,False
Jsoup_17,Jsoup_17_n6.txt,True,35,9,3,False,False,False,False,False
Jsoup_17,Jsoup_17_n7.txt,True,60,9,1,False,False,False,False,False
Jsoup_19,Jsoup_19_n7.txt,False,45,6,1,False,False,False,False,False
Jsoup_19,Jsoup_19_n3.txt,False,40,1,1,False,False,False,False,False
Jsoup_19,Jsoup_19_n4.txt,False,38,6,1,False,False,False,False,False
Jsoup_19,Jsoup_19_n2.txt,False,38,6,1,False,False,False,False,False
Jsoup_19,Jsoup_19_n10.txt,False,43,6,1,False,False,False,False,False
Jsoup_19,Jsoup_19_n6.txt,False,38,6,1,False,False,False,False,False
Jsoup_19,Jsoup_19_n9.txt,False,38,6,1,False,False,False,False,False
Jsoup_20,Jsoup_20_n6.txt,False,52,3,1,False,True,False,False,False
Jsoup_20,Jsoup_20_n9.txt,False,52,3,1,False,True,False,False,False
Jsoup_20,Jsoup_20_n4.txt,False,82,1,1,False,False,False,False,False
Jsoup_20,Jsoup_20_n5.txt,False,69,3,1,False,True,False,False,False
Jsoup_24,Jsoup_24_n2.txt,False,87,1,1,False,False,False,False,False
Jsoup_24,Jsoup_24_n8.txt,False,83,1,1,False,False,False,False,False
Jsoup_21,Jsoup_21_n10.txt,True,48,1,1,True,False,False,False,True
Jsoup_21,Jsoup_21_n5.txt,False,48,2,1,True,True,False,True,False
Jsoup_21,Jsoup_21_n9.txt,False,86,1,1,True,False,False,False,True
Jsoup_21,Jsoup_21_n7.txt,True,58,1,1,True,False,False,False,True
Jsoup_21,Jsoup_21_n6.txt,False,74,3,1,True,False,False,False,True
Jsoup_21,Jsoup_21_n3.txt,False,54,3,1,True,False,False,False,True
Jsoup_21,Jsoup_21_n4.txt,False,71,2,1,True,True,False,True,False
Jsoup_21,Jsoup_21_n1.txt,False,54,3,1,True,False,False,False,True
Jsoup_21,Jsoup_21_n2.txt,True,53,1,1,True,False,False,False,True
Jsoup_21,Jsoup_21_n8.txt,False,59,1,1,True,False,False,False,True
Jsoup_25,Jsoup_25_n4.txt,False,47,1,1,False,False,False,False,False
Jsoup_25,Jsoup_25_n3.txt,False,52,1,1,False,False,False,False,False
Jsoup_23,Jsoup_23_n8.txt,True,45,10,3,False,False,False,False,False
Jsoup_23,Jsoup_23_n10.txt,True,47,10,7,False,False,False,False,False
Jsoup_26,Jsoup_26_n3.txt,True,73,1,1,True,False,False,False,False
Jsoup_26,Jsoup_26_n7.txt,True,65,1,1,True,False,False,False,False
Jsoup_26,Jsoup_26_n2.txt,True,73,1,1,True,False,False,False,False
Jsoup_26,Jsoup_26_n5.txt,True,65,1,1,True,False,False,False,False
Jsoup_26,Jsoup_26_n4.txt,True,73,1,1,True,False,False,False,False
Jsoup_26,Jsoup_26_n9.txt,True,65,1,1,True,False,False,False,False
Jsoup_3,Jsoup_3_n7.txt,False,85,1,1,False,False,False,False,False
Jsoup_3,Jsoup_3_n9.txt,False,70,1,1,False,False,False,False,False
Jsoup_28,Jsoup_28_n10.txt,True,71,3,1,False,False,False,False,False
Jsoup_28,Jsoup_28_n9.txt,True,86,1,1,False,False,False,False,False
Jsoup_28,Jsoup_28_n8.txt,False,50,1,1,False,False,False,False,False
Jsoup_28,Jsoup_28_n7.txt,False,55,1,1,False,False,False,False,False
Jsoup_28,Jsoup_28_n4.txt,True,48,1,1,False,False,False,False,False
Jsoup_28,Jsoup_28_n3.txt,False,59,1,1,False,False,False,False,False
Jsoup_28,Jsoup_28_n1.txt,False,53,3,1,False,False,False,False,False
Jsoup_28,Jsoup_28_n2.txt,False,53,3,1,False,False,False,False,False
Jsoup_29,Jsoup_29_n1.txt,False,55,10,3,False,False,False,False,False
Jsoup_29,Jsoup_29_n7.txt,False,56,10,1,False,False,False,False,False
Jsoup_29,Jsoup_29_n9.txt,False,60,10,1,False,False,False,False,False
Jsoup_29,Jsoup_29_n10.txt,False,55,10,1,False,False,False,False,False
Jsoup_29,Jsoup_29_n3.txt,False,55,10,1,False,False,False,False,False
Jsoup_29,Jsoup_29_n6.txt,False,60,10,1,False,False,False,False,False
Jsoup_29,Jsoup_29_n2.txt,False,51,10,1,False,False,False,False,False
Jsoup_29,Jsoup_29_n5.txt,False,50,10,1,False,False,False,False,False
Jsoup_31,Jsoup_31_n6.txt,False,49,7,1,False,False,False,False,False
Jsoup_31,Jsoup_31_n9.txt,False,57,3,1,False,False,True,False,False
Jsoup_31,Jsoup_31_n1.txt,False,62,3,1,False,False,True,False,False
Jsoup_31,Jsoup_31_n7.txt,False,54,3,1,False,False,True,False,False
Jsoup_31,Jsoup_31_n8.txt,False,59,7,1,False,False,False,False,False
Jsoup_31,Jsoup_31_n2.txt,False,44,7,1,False,False,False,False,False
Jsoup_31,Jsoup_31_n4.txt,False,49,7,1,False,False,False,False,False
Jsoup_31,Jsoup_31_n5.txt,False,49,7,1,False,False,False,False,False
Jsoup_31,Jsoup_31_n10.txt,False,54,7,1,False,False,False,False,False
Jsoup_31,Jsoup_31_n3.txt,False,39,7,1,False,False,False,False,False
Jsoup_33,Jsoup_33_n8.txt,True,42,1,1,False,False,False,False,False
Jsoup_33,Jsoup_33_n10.txt,False,59,1,1,False,False,False,False,False
Jsoup_33,Jsoup_33_n7.txt,True,47,1,1,False,False,False,False,False
Jsoup_33,Jsoup_33_n2.txt,True,45,1,1,False,False,False,False,False
Jsoup_30,Jsoup_30_n5.txt,False,113,3,1,True,False,False,False,False
Jsoup_30,Jsoup_30_n8.txt,False,84,3,1,True,False,False,False,False
Jsoup_30,Jsoup_30_n10.txt,False,125,1,1,True,False,False,False,False
Jsoup_30,Jsoup_30_n4.txt,False,63,1,1,True,False,False,False,False
Jsoup_30,Jsoup_30_n2.txt,False,78,3,1,True,False,False,False,False
Jsoup_30,Jsoup_30_n3.txt,False,84,1,1,True,False,False,False,False
Jsoup_30,Jsoup_30_n1.txt,False,78,1,1,True,False,False,False,False
Jsoup_34,Jsoup_34_n2.txt,False,37,1,1,True,False,False,False,True
Jsoup_34,Jsoup_34_n9.txt,False,45,4,1,True,False,False,False,True
Jsoup_34,Jsoup_34_n4.txt,False,34,4,1,True,False,False,False,True
Jsoup_34,Jsoup_34_n3.txt,False,42,1,1,True,False,False,False,True
Jsoup_34,Jsoup_34_n5.txt,False,43,2,1,True,False,False,False,True
Jsoup_34,Jsoup_34_n8.txt,False,43,1,1,True,False,False,False,True
Jsoup_34,Jsoup_34_n6.txt,False,42,4,1,True,False,False,False,True
Jsoup_34,Jsoup_34_n7.txt,False,34,4,1,True,False,False,False,True
Jsoup_34,Jsoup_34_n1.txt,False,38,2,1,True,False,False,False,True
Jsoup_35,Jsoup_35_n2.txt,True,50,2,1,True,False,False,False,False
Jsoup_35,Jsoup_35_n1.txt,True,118,7,2,True,False,False,False,False
Jsoup_35,Jsoup_35_n9.txt,False,58,1,1,True,False,False,False,False
Jsoup_35,Jsoup_35_n6.txt,True,49,7,1,True,False,False,False,False
Jsoup_35,Jsoup_35_n5.txt,True,86,7,1,True,False,False,False,False
Jsoup_35,Jsoup_35_n4.txt,True,118,7,1,True,False,False,False,False
Jsoup_35,Jsoup_35_n10.txt,True,59,7,1,True,False,False,False,False
Jsoup_35,Jsoup_35_n3.txt,True,54,2,1,True,False,False,False,False
Jsoup_35,Jsoup_35_n8.txt,True,118,7,1,True,False,False,False,False
Jsoup_37,Jsoup_37_n6.txt,False,54,1,1,False,False,False,False,False
Jsoup_37,Jsoup_37_n10.txt,False,45,2,1,False,False,False,False,False
Jsoup_37,Jsoup_37_n5.txt,True,81,2,1,False,False,False,False,False
Jsoup_39,Jsoup_39_n8.txt,False,67,5,1,False,True,False,False,False
Jsoup_39,Jsoup_39_n9.txt,False,92,1,1,False,False,False,False,False
Jsoup_39,Jsoup_39_n1.txt,False,58,5,1,False,True,False,False,False
Jsoup_39,Jsoup_39_n7.txt,False,72,5,1,False,True,False,False,False
Jsoup_39,Jsoup_39_n5.txt,False,85,5,1,False,True,False,False,False
Jsoup_39,Jsoup_39_n6.txt,False,68,5,1,False,True,False,False,False
Jsoup_38,Jsoup_38_n3.txt,False,63,4,1,False,True,False,False,False
Jsoup_38,Jsoup_38_n7.txt,False,53,4,1,False,True,False,False,False
Jsoup_38,Jsoup_38_n4.txt,False,57,4,1,False,True,False,False,False
Jsoup_38,Jsoup_38_n8.txt,False,63,4,1,False,True,False,False,False
Jsoup_4,Jsoup_4_n6.txt,True,30,10,10,False,False,True,False,False
Jsoup_41,Jsoup_41_n2.txt,True,79,1,1,False,False,False,False,False
Jsoup_40,Jsoup_40_n9.txt,True,48,2,1,True,False,False,False,True
Jsoup_40,Jsoup_40_n10.txt,True,51,1,1,True,False,False,False,True
Jsoup_40,Jsoup_40_n1.txt,True,37,1,1,True,False,False,False,True
Jsoup_40,Jsoup_40_n8.txt,True,37,2,1,True,False,False,False,True
Jsoup_40,Jsoup_40_n7.txt,True,43,1,1,True,False,False,False,True
Jsoup_40,Jsoup_40_n2.txt,True,37,1,1,True,False,False,False,True
Jsoup_40,Jsoup_40_n6.txt,True,43,1,1,True,False,False,False,True
Jsoup_40,Jsoup_40_n3.txt,True,43,1,1,True,False,False,False,True
Jsoup_42,Jsoup_42_n8.txt,True,137,5,1,False,False,False,False,False
Jsoup_42,Jsoup_42_n4.txt,True,129,1,1,False,False,False,False,False
Jsoup_42,Jsoup_42_n7.txt,True,129,1,1,False,False,False,False,False
Jsoup_42,Jsoup_42_n2.txt,True,127,5,1,False,False,False,False,False
Jsoup_42,Jsoup_42_n3.txt,True,137,5,1,False,False,False,False,False
Jsoup_42,Jsoup_42_n1.txt,True,139,1,1,False,False,False,False,False
Jsoup_42,Jsoup_42_n10.txt,True,129,5,1,False,False,False,False,False
Jsoup_42,Jsoup_42_n5.txt,True,121,1,1,False,False,False,False,False
Jsoup_42,Jsoup_42_n9.txt,True,119,5,1,False,False,False,False,False
Jsoup_43,Jsoup_43_n3.txt,True,73,1,1,False,False,False,False,False
Jsoup_43,Jsoup_43_n1.txt,True,106,2,1,False,False,False,False,False
Jsoup_43,Jsoup_43_n5.txt,True,224,3,1,False,False,False,False,False
Jsoup_43,Jsoup_43_n4.txt,False,118,2,1,False,False,False,False,False
Jsoup_43,Jsoup_43_n6.txt,False,110,1,1,False,False,False,False,False
Jsoup_43,Jsoup_43_n9.txt,True,74,3,1,False,False,False,False,False
Jsoup_43,Jsoup_43_n2.txt,True,78,3,1,False,False,False,False,False
Jsoup_44,Jsoup_44_n1.txt,True,125,2,1,False,False,False,False,False
Jsoup_44,Jsoup_44_n8.txt,True,93,1,1,False,False,False,False,False
Jsoup_44,Jsoup_44_n2.txt,True,93,2,1,False,False,False,False,False
Jsoup_44,Jsoup_44_n10.txt,True,125,1,1,False,False,False,False,False
Jsoup_44,Jsoup_44_n9.txt,True,93,2,1,False,False,False,False,False
Jsoup_44,Jsoup_44_n6.txt,True,125,1,1,False,False,False,False,False
Jsoup_44,Jsoup_44_n5.txt,True,125,1,1,False,False,False,False,False
Jsoup_44,Jsoup_44_n4.txt,True,125,1,1,False,False,False,False,False
Jsoup_44,Jsoup_44_n7.txt,True,125,2,1,False,False,False,False,False
Jsoup_47,Jsoup_47_n3.txt,False,48,2,1,False,False,False,False,False
Jsoup_47,Jsoup_47_n7.txt,False,48,1,1,False,False,False,False,False
Jsoup_47,Jsoup_47_n4.txt,False,48,1,1,False,False,False,False,False
Jsoup_47,Jsoup_47_n1.txt,False,44,2,1,False,False,False,False,False
Jsoup_47,Jsoup_47_n8.txt,False,53,1,1,False,False,False,False,False
Jsoup_47,Jsoup_47_n9.txt,False,44,1,1,False,False,False,False,False
Jsoup_47,Jsoup_47_n10.txt,False,53,1,1,False,False,False,False,False
Jsoup_47,Jsoup_47_n5.txt,False,53,1,1,False,False,False,False,False
Jsoup_50,Jsoup_50_n5.txt,True,68,1,1,False,False,False,False,False
Jsoup_5,Jsoup_5_n7.txt,True,23,2,1,True,True,False,True,False
Jsoup_5,Jsoup_5_n10.txt,True,38,3,3,True,False,False,False,True
Jsoup_5,Jsoup_5_n1.txt,True,25,2,1,True,True,False,True,False
Jsoup_5,Jsoup_5_n9.txt,True,44,2,1,True,False,False,False,True
Jsoup_5,Jsoup_5_n2.txt,True,49,2,1,True,False,False,False,True
Jsoup_51,Jsoup_51_n6.txt,False,96,1,1,False,False,False,False,False
Jsoup_51,Jsoup_51_n8.txt,False,111,1,1,False,False,False,False,False
Jsoup_51,Jsoup_51_n9.txt,True,96,1,1,False,False,False,False,False
Jsoup_51,Jsoup_51_n2.txt,True,93,1,1,False,False,False,False,False
Jsoup_51,Jsoup_51_n4.txt,False,123,1,1,False,False,False,False,False
Jsoup_51,Jsoup_51_n3.txt,True,92,1,1,False,False,False,False,False
Jsoup_55,Jsoup_55_n1.txt,True,53,1,1,False,False,False,False,False
Jsoup_52,Jsoup_52_n3.txt,False,52,6,2,False,True,False,False,False
Jsoup_52,Jsoup_52_n2.txt,False,73,1,1,False,False,False,False,False
Jsoup_52,Jsoup_52_n8.txt,False,67,1,1,False,False,False,False,False
Jsoup_52,Jsoup_52_n7.txt,False,48,6,1,False,True,False,False,False
Jsoup_52,Jsoup_52_n1.txt,False,48,6,1,False,True,False,False,False
Jsoup_52,Jsoup_52_n6.txt,False,52,6,1,False,True,False,False,False
Jsoup_52,Jsoup_52_n4.txt,False,72,1,1,False,False,False,False,False
Jsoup_52,Jsoup_52_n9.txt,False,49,6,1,False,True,False,False,False
Jsoup_57,Jsoup_57_n2.txt,True,60,2,1,True,True,False,True,True
Jsoup_57,Jsoup_57_n3.txt,True,59,1,1,True,False,False,False,True
Jsoup_57,Jsoup_57_n9.txt,True,58,2,1,True,True,False,True,False
Jsoup_56,Jsoup_56_n9.txt,True,63,5,1,False,False,False,False,False
Jsoup_56,Jsoup_56_n6.txt,True,56,5,1,False,False,False,False,False
Jsoup_56,Jsoup_56_n2.txt,True,56,5,1,False,False,False,False,False
Jsoup_56,Jsoup_56_n7.txt,True,58,5,1,False,False,False,False,False
Jsoup_56,Jsoup_56_n8.txt,True,49,5,2,False,False,False,False,False
Jsoup_56,Jsoup_56_n3.txt,True,56,5,1,False,False,False,False,False
Jsoup_56,Jsoup_56_n4.txt,True,46,5,1,False,False,False,False,False
Jsoup_56,Jsoup_56_n10.txt,True,54,5,1,False,False,False,False,False
Jsoup_56,Jsoup_56_n5.txt,False,58,5,1,False,False,False,False,False
Jsoup_6,Jsoup_6_n4.txt,False,73,1,1,True,False,False,False,True
Jsoup_6,Jsoup_6_n2.txt,False,52,1,1,True,False,False,False,True
Jsoup_6,Jsoup_6_n10.txt,False,47,1,1,True,False,False,False,True
Jsoup_6,Jsoup_6_n6.txt,False,87,1,1,True,False,False,False,True
Jsoup_6,Jsoup_6_n8.txt,False,37,1,1,True,False,False,False,True
Jsoup_6,Jsoup_6_n1.txt,False,61,1,1,True,False,False,False,True
Jsoup_6,Jsoup_6_n7.txt,False,65,1,1,True,False,False,False,True
Jsoup_6,Jsoup_6_n3.txt,False,34,1,1,True,False,False,False,True
Jsoup_6,Jsoup_6_n5.txt,False,76,1,1,True,False,False,False,True
Jsoup_58,Jsoup_58_n9.txt,False,128,4,1,False,False,False,False,False
Jsoup_58,Jsoup_58_n7.txt,True,44,1,1,False,False,False,False,False
Jsoup_58,Jsoup_58_n1.txt,True,53,4,1,False,False,False,False,False
Jsoup_58,Jsoup_58_n2.txt,True,120,4,1,False,False,False,False,False
Jsoup_58,Jsoup_58_n4.txt,True,33,4,1,False,False,False,False,False
Jsoup_59,Jsoup_59_n1.txt,False,51,1,1,True,False,False,False,True
Jsoup_60,Jsoup_60_n1.txt,False,93,1,1,False,False,False,False,False
Jsoup_60,Jsoup_60_n10.txt,False,91,1,1,False,False,False,False,False
Jsoup_60,Jsoup_60_n3.txt,False,107,1,1,False,False,False,False,False
Jsoup_60,Jsoup_60_n2.txt,False,87,1,1,False,True,False,False,False
Jsoup_60,Jsoup_60_n7.txt,False,82,1,1,False,False,True,False,False
Jsoup_60,Jsoup_60_n4.txt,False,95,2,1,False,False,False,False,False
Jsoup_60,Jsoup_60_n8.txt,False,91,2,1,False,False,False,False,False
Jsoup_62,Jsoup_62_n10.txt,False,99,1,1,False,False,False,False,False
Jsoup_62,Jsoup_62_n6.txt,False,71,2,1,False,False,False,False,False
Jsoup_62,Jsoup_62_n7.txt,True,86,2,1,False,False,False,False,False
Jsoup_62,Jsoup_62_n3.txt,False,68,1,1,False,False,True,False,False
Jsoup_62,Jsoup_62_n5.txt,True,120,1,1,False,False,False,False,False
Jsoup_62,Jsoup_62_n1.txt,True,68,1,1,False,False,False,False,False
Jsoup_62,Jsoup_62_n8.txt,True,71,1,1,False,False,False,False,False
Jsoup_63,Jsoup_63_n4.txt,True,35,2,1,False,False,False,False,False
Jsoup_63,Jsoup_63_n5.txt,False,35,1,1,False,False,False,False,False
Jsoup_63,Jsoup_63_n8.txt,True,35,1,1,False,False,False,False,False
Jsoup_63,Jsoup_63_n6.txt,True,35,1,1,False,False,False,False,False
Jsoup_63,Jsoup_63_n9.txt,True,35,1,1,False,False,False,False,False
Jsoup_63,Jsoup_63_n1.txt,True,28,1,1,False,False,False,False,False
Jsoup_63,Jsoup_63_n2.txt,True,35,1,1,False,False,False,False,False
Jsoup_63,Jsoup_63_n7.txt,False,35,2,1,False,False,False,False,False
Jsoup_64,Jsoup_64_n5.txt,False,45,4,1,False,False,False,False,False
Jsoup_64,Jsoup_64_n1.txt,True,74,2,1,False,False,False,False,False
Jsoup_64,Jsoup_64_n2.txt,True,165,2,1,False,False,False,False,False
Jsoup_64,Jsoup_64_n8.txt,False,69,4,1,False,False,False,False,False
Jsoup_64,Jsoup_64_n3.txt,False,76,2,1,False,False,True,False,False
Jsoup_64,Jsoup_64_n6.txt,True,52,2,1,False,False,False,False,False
Jsoup_64,Jsoup_64_n7.txt,True,65,2,1,False,False,False,False,False
Jsoup_64,Jsoup_64_n10.txt,False,84,2,1,False,False,True,False,False
Jsoup_64,Jsoup_64_n9.txt,False,96,4,1,False,False,False,False,False
Jsoup_64,Jsoup_64_n4.txt,False,59,4,1,False,False,False,False,False
Jsoup_7,Jsoup_7_n3.txt,False,97,1,1,False,True,False,False,False
Jsoup_7,Jsoup_7_n5.txt,True,58,1,1,False,False,False,False,False
Jsoup_7,Jsoup_7_n6.txt,True,63,1,1,False,False,False,False,False
Jsoup_7,Jsoup_7_n2.txt,False,81,2,1,False,True,False,False,False
Jsoup_7,Jsoup_7_n4.txt,False,74,2,1,False,True,False,False,False
Jsoup_65,Jsoup_65_n2.txt,True,84,1,1,False,False,False,False,False
Jsoup_65,Jsoup_65_n1.txt,False,77,1,1,False,False,False,False,False
Jsoup_66,Jsoup_66_n4.txt,True,101,1,1,False,False,False,False,False
Jsoup_66,Jsoup_66_n6.txt,True,103,1,1,False,False,False,False,False
Jsoup_66,Jsoup_66_n7.txt,True,103,1,1,False,False,False,False,False
Jsoup_66,Jsoup_66_n10.txt,True,79,1,1,False,False,False,False,False
Jsoup_66,Jsoup_66_n8.txt,True,68,1,1,False,False,False,False,False
Jsoup_66,Jsoup_66_n1.txt,False,98,2,1,False,False,True,False,False
Jsoup_66,Jsoup_66_n2.txt,False,94,2,1,False,False,True,False,False
Jsoup_69,Jsoup_69_n1.txt,True,120,4,1,True,False,False,False,False
Jsoup_69,Jsoup_69_n9.txt,True,144,4,1,True,False,False,False,False
Jsoup_69,Jsoup_69_n5.txt,True,111,4,1,True,False,False,False,False
Jsoup_69,Jsoup_69_n3.txt,True,92,4,1,True,False,False,False,False
Jsoup_69,Jsoup_69_n8.txt,False,121,1,1,True,True,False,False,False
Jsoup_69,Jsoup_69_n2.txt,True,101,1,1,True,False,False,False,False
Jsoup_69,Jsoup_69_n10.txt,False,150,1,1,True,False,False,False,False
Jsoup_67,Jsoup_67_n5.txt,True,124,1,1,True,False,False,False,False
Jsoup_67,Jsoup_67_n4.txt,True,117,1,1,True,False,False,False,False
Jsoup_67,Jsoup_67_n6.txt,True,124,1,1,True,False,False,False,False
Jsoup_67,Jsoup_67_n3.txt,True,136,1,1,True,False,False,False,False
Jsoup_67,Jsoup_67_n2.txt,True,114,1,1,True,False,False,False,False
Jsoup_68,Jsoup_68_n1.txt,False,83,1,1,True,False,False,False,False
Jsoup_68,Jsoup_68_n5.txt,False,235,1,1,True,False,False,False,False
Jsoup_68,Jsoup_68_n9.txt,False,56,1,1,True,False,False,False,False
Jsoup_70,Jsoup_70_n1.txt,True,64,10,2,False,False,False,False,False
Jsoup_70,Jsoup_70_n10.txt,True,72,10,1,False,False,False,False,False
Jsoup_70,Jsoup_70_n3.txt,True,59,10,2,False,False,False,False,False
Jsoup_70,Jsoup_70_n8.txt,True,64,10,1,False,False,False,False,False
Jsoup_70,Jsoup_70_n9.txt,True,59,10,1,False,False,False,False,False
Jsoup_70,Jsoup_70_n2.txt,True,59,10,1,False,False,False,False,False
Jsoup_70,Jsoup_70_n6.txt,True,59,10,2,False,False,False,False,False
Jsoup_71,Jsoup_71_n3.txt,False,53,10,1,False,True,False,False,False
Jsoup_71,Jsoup_71_n9.txt,False,53,10,1,False,True,False,False,False
Jsoup_71,Jsoup_71_n4.txt,False,43,10,1,False,True,False,False,False
Jsoup_71,Jsoup_71_n7.txt,False,87,10,1,False,True,False,False,False
Jsoup_71,Jsoup_71_n8.txt,False,83,10,1,False,True,False,False,False
Jsoup_71,Jsoup_71_n2.txt,False,53,10,1,False,True,False,False,False
Jsoup_71,Jsoup_71_n1.txt,False,84,10,1,False,True,False,False,False
Jsoup_71,Jsoup_71_n6.txt,False,38,10,1,False,True,False,False,False
Jsoup_71,Jsoup_71_n5.txt,False,58,10,1,False,True,False,False,False
Jsoup_71,Jsoup_71_n10.txt,False,54,10,1,False,True,False,False,False
Jsoup_72,Jsoup_72_n6.txt,False,47,1,1,True,False,False,False,True
Jsoup_72,Jsoup_72_n1.txt,False,37,3,1,True,True,False,False,True
Jsoup_72,Jsoup_72_n8.txt,False,57,1,1,True,False,False,False,True
Jsoup_72,Jsoup_72_n9.txt,False,53,1,1,True,False,False,False,True
Jsoup_72,Jsoup_72_n3.txt,False,37,3,1,True,True,False,False,True
Jsoup_72,Jsoup_72_n5.txt,False,42,3,1,True,True,False,False,True
Jsoup_72,Jsoup_72_n2.txt,False,57,1,1,True,False,False,False,True
Jsoup_72,Jsoup_72_n4.txt,False,53,1,1,True,False,False,False,True
Jsoup_76,Jsoup_76_n6.txt,True,136,1,1,False,False,False,False,False
Jsoup_74,Jsoup_74_n7.txt,True,42,10,10,False,False,False,False,False
Jsoup_75,Jsoup_75_n8.txt,True,38,10,7,False,False,False,False,False
Jsoup_75,Jsoup_75_n7.txt,True,46,10,1,False,False,False,False,False
Jsoup_75,Jsoup_75_n6.txt,True,46,10,1,False,False,False,False,False
Jsoup_75,Jsoup_75_n2.txt,True,63,10,1,False,False,False,False,False
Jsoup_77,Jsoup_77_n9.txt,True,48,10,10,False,False,True,False,False
Jsoup_79,Jsoup_79_n5.txt,True,42,3,1,True,True,False,True,False
Jsoup_79,Jsoup_79_n4.txt,True,44,3,2,True,True,False,True,False
Jsoup_78,Jsoup_78_n10.txt,False,63,1,1,True,False,False,False,True
Jsoup_78,Jsoup_78_n8.txt,False,71,1,1,True,False,False,False,True
Jsoup_78,Jsoup_78_n3.txt,False,72,1,1,True,False,False,False,True
Jsoup_78,Jsoup_78_n1.txt,False,68,1,1,True,False,False,False,True
Jsoup_78,Jsoup_78_n4.txt,False,69,1,1,True,False,False,False,True
Jsoup_80,Jsoup_80_n3.txt,False,56,2,1,True,False,False,False,True
Jsoup_80,Jsoup_80_n10.txt,False,56,2,1,True,False,False,False,True
Jsoup_81,Jsoup_81_n1.txt,False,78,1,1,False,False,True,False,False
Jsoup_81,Jsoup_81_n2.txt,True,72,3,1,False,False,True,False,False
Jsoup_81,Jsoup_81_n9.txt,False,82,1,1,False,False,False,False,False
Jsoup_81,Jsoup_81_n8.txt,True,79,3,1,False,False,False,False,False
Jsoup_81,Jsoup_81_n10.txt,True,66,3,1,False,False,False,False,False
Jsoup_81,Jsoup_81_n3.txt,True,66,3,1,False,False,False,False,False
Jsoup_81,Jsoup_81_n5.txt,False,73,1,1,False,False,False,False,False
Jsoup_81,Jsoup_81_n6.txt,True,72,3,2,False,False,True,False,False
Jsoup_84,Jsoup_84_n6.txt,True,83,1,1,True,False,False,False,False
Jsoup_82,Jsoup_82_n1.txt,False,64,1,1,True,False,False,False,True
Jsoup_82,Jsoup_82_n6.txt,False,65,1,1,True,False,False,False,True
Jsoup_82,Jsoup_82_n10.txt,False,48,3,2,True,False,False,False,True
Jsoup_82,Jsoup_82_n8.txt,False,61,1,1,True,False,False,False,True
Jsoup_82,Jsoup_82_n2.txt,False,62,3,1,True,False,False,False,True
Jsoup_82,Jsoup_82_n5.txt,False,48,3,1,True,False,False,False,True
Jsoup_82,Jsoup_82_n9.txt,False,48,1,1,True,False,False,False,True
Jsoup_82,Jsoup_82_n7.txt,False,65,3,1,True,False,False,False,True
Jsoup_82,Jsoup_82_n3.txt,False,62,3,1,True,False,False,False,True
Jsoup_83,Jsoup_83_n5.txt,True,56,1,1,False,False,False,False,False
Jsoup_83,Jsoup_83_n6.txt,True,58,9,4,False,False,False,False,False
Jsoup_83,Jsoup_83_n8.txt,True,58,9,2,False,False,False,False,False
Jsoup_83,Jsoup_83_n3.txt,True,62,9,1,False,False,False,False,False
Jsoup_83,Jsoup_83_n10.txt,True,62,9,1,False,False,False,False,False
Jsoup_83,Jsoup_83_n9.txt,True,63,9,1,False,False,False,False,False
Jsoup_85,Jsoup_85_n5.txt,False,44,1,1,False,False,False,False,False
Jsoup_85,Jsoup_85_n1.txt,False,49,1,1,False,False,False,False,False
Jsoup_87,Jsoup_87_n10.txt,False,106,4,1,False,False,False,False,False
Jsoup_87,Jsoup_87_n3.txt,False,98,4,1,False,False,False,False,False
Jsoup_87,Jsoup_87_n2.txt,False,97,1,1,False,False,False,False,False
Jsoup_87,Jsoup_87_n8.txt,False,88,4,1,False,False,False,False,False
Jsoup_87,Jsoup_87_n4.txt,True,79,2,1,False,False,False,False,False
Jsoup_87,Jsoup_87_n7.txt,False,74,4,1,False,False,False,False,False
Jsoup_87,Jsoup_87_n6.txt,False,116,2,1,False,False,False,False,False
Jsoup_87,Jsoup_87_n9.txt,True,164,1,1,False,False,False,False,False
Jsoup_9,Jsoup_9_n7.txt,True,34,2,1,False,False,False,False,False
Jsoup_9,Jsoup_9_n4.txt,True,34,2,2,False,False,False,False,False
Jsoup_9,Jsoup_9_n1.txt,True,34,1,1,False,False,False,False,False
Jsoup_9,Jsoup_9_n3.txt,True,34,2,1,False,False,False,False,False
Jsoup_9,Jsoup_9_n6.txt,False,29,1,1,False,False,False,False,False
Jsoup_9,Jsoup_9_n2.txt,True,34,2,1,False,False,False,False,False
Jsoup_9,Jsoup_9_n9.txt,True,29,1,1,False,False,False,False,False
Jsoup_9,Jsoup_9_n10.txt,True,34,2,1,False,False,False,False,False
Jsoup_86,Jsoup_86_n8.txt,False,47,2,1,True,False,False,False,True
Jsoup_86,Jsoup_86_n2.txt,False,61,2,1,True,False,False,False,True
Jsoup_86,Jsoup_86_n6.txt,False,45,1,1,True,False,False,False,True
Jsoup_86,Jsoup_86_n9.txt,False,42,1,1,True,False,False,False,True
Jsoup_86,Jsoup_86_n5.txt,False,55,1,1,True,False,False,False,True
Jsoup_88,Jsoup_88_n8.txt,True,59,10,2,False,False,True,False,False
Jsoup_88,Jsoup_88_n6.txt,True,71,10,3,False,False,True,False,False
Jsoup_88,Jsoup_88_n4.txt,True,70,10,4,False,False,True,False,False
Jsoup_88,Jsoup_88_n10.txt,True,82,10,1,False,False,True,False,False
Jsoup_89,Jsoup_89_n3.txt,False,46,1,1,False,True,False,False,False
Jsoup_93,Jsoup_93_n6.txt,False,73,3,1,False,False,False,False,False
Jsoup_93,Jsoup_93_n1.txt,False,122,3,1,False,False,False,False,False
Jsoup_93,Jsoup_93_n3.txt,False,90,3,1,False,False,False,False,False
Jsoup_90,Jsoup_90_n2.txt,False,103,1,1,True,False,False,False,True
Jsoup_90,Jsoup_90_n1.txt,False,107,1,1,True,False,False,False,True
Jsoup_90,Jsoup_90_n3.txt,False,90,1,1,True,False,False,False,True
Jsoup_90,Jsoup_90_n9.txt,False,101,1,1,True,False,False,False,True
Jsoup_91,Jsoup_91_n1.txt,False,74,1,1,True,False,False,False,False
Jsoup_91,Jsoup_91_n6.txt,False,87,1,1,True,False,False,False,False
Jsoup_92,Jsoup_92_n2.txt,True,48,1,1,False,False,False,False,False
Jsoup_92,Jsoup_92_n9.txt,True,44,9,1,False,False,False,False,False
Jsoup_92,Jsoup_92_n10.txt,True,48,9,3,False,False,False,False,False
Jsoup_92,Jsoup_92_n1.txt,True,59,9,1,False,False,False,False,False
Jsoup_92,Jsoup_92_n5.txt,True,53,9,1,False,False,False,False,False
Jsoup_92,Jsoup_92_n8.txt,True,47,9,1,False,False,False,False,False
Jsoup_92,Jsoup_92_n3.txt,True,44,9,1,False,False,False,False,False
Jsoup_92,Jsoup_92_n6.txt,True,43,9,1,False,False,False,False,False
JxPath_14,JxPath_14_n8.txt,True,142,10,1,False,False,False,False,False
JxPath_14,JxPath_14_n9.txt,True,142,10,8,False,False,False,False,False
JxPath_14,JxPath_14_n4.txt,True,106,10,1,False,False,False,False,False
JxPath_20,JxPath_20_n2.txt,True,77,1,1,False,False,False,False,False
JxPath_20,JxPath_20_n4.txt,True,76,1,1,False,False,True,False,False
JxPath_21,JxPath_21_n6.txt,True,134,5,3,False,False,True,False,False
JxPath_21,JxPath_21_n8.txt,True,158,1,1,False,False,True,False,False
JxPath_21,JxPath_21_n5.txt,True,146,5,1,False,False,True,False,False
JxPath_21,JxPath_21_n1.txt,True,146,5,1,False,False,True,False,False
JxPath_4,JxPath_4_n8.txt,False,76,1,1,False,True,False,False,False
JxPath_5,JxPath_5_n5.txt,False,69,7,1,True,True,False,False,True
JxPath_5,JxPath_5_n3.txt,False,80,7,1,True,True,False,False,True
JxPath_5,JxPath_5_n10.txt,False,69,7,1,True,True,False,False,True
JxPath_5,JxPath_5_n8.txt,False,72,7,1,True,True,False,False,True
JxPath_5,JxPath_5_n7.txt,False,69,7,1,True,True,False,False,True
JxPath_5,JxPath_5_n2.txt,False,69,7,1,True,True,False,False,True
JxPath_5,JxPath_5_n4.txt,False,69,7,1,True,True,False,False,True
Mockito_9,Mockito_9_n10.txt,False,61,2,1,False,True,False,False,False
Mockito_9,Mockito_9_n4.txt,False,71,1,1,False,True,False,False,False
Mockito_9,Mockito_9_n2.txt,False,73,2,1,False,True,False,False,False
