bug_id,test_path,success,test_length,clus_size_output_fib,num_fib_tests,is_crash,actual_crash,actual_value_match,exception_type_match,test_exception_type_match
Cli_10,Cli_10_n5.txt,True,91,1,1,True,False,False,False,True
Cli_1,Cli_1_n9.txt,False,78,4,2,False,False,False,False,False
Cli_1,Cli_1_n5.txt,False,78,1,1,False,False,True,False,False
Cli_1,Cli_1_n1.txt,False,111,4,1,False,False,False,False,False
Cli_1,Cli_1_n4.txt,False,144,2,1,False,False,True,False,False
Cli_1,Cli_1_n2.txt,False,109,1,1,False,False,False,False,False
Cli_1,Cli_1_n6.txt,False,97,2,1,False,False,True,False,False
Cli_1,Cli_1_n8.txt,False,127,4,1,False,False,False,False,False
Cli_1,Cli_1_n7.txt,False,92,1,1,False,False,False,False,False
Cli_1,Cli_1_n3.txt,False,131,1,1,False,False,True,False,False
Chart_17,Chart_17_n8.txt,True,59,1,1,True,True,False,True,False
Cli_15,Cli_15_n2.txt,False,367,2,1,False,False,True,False,False
Cli_15,Cli_15_n5.txt,False,189,3,1,False,True,False,False,False
Cli_15,Cli_15_n1.txt,False,338,1,1,False,False,False,False,False
Cli_15,Cli_15_n7.txt,False,293,1,1,False,False,False,False,False
Cli_15,Cli_15_n8.txt,False,291,1,1,False,True,False,False,False
Cli_15,Cli_15_n4.txt,False,213,3,1,False,True,False,False,False
Cli_15,Cli_15_n10.txt,False,363,2,1,False,False,True,False,False
Cli_15,Cli_15_n9.txt,False,199,3,1,False,True,False,False,False
Cli_14,Cli_14_n9.txt,False,184,3,1,True,False,False,False,True
Cli_14,Cli_14_n10.txt,True,169,5,1,True,True,False,True,False
Cli_14,Cli_14_n4.txt,True,174,5,1,True,True,False,True,False
Cli_14,Cli_14_n2.txt,True,179,5,1,True,True,False,True,False
Cli_14,Cli_14_n5.txt,True,179,5,1,True,True,False,True,False
Cli_14,Cli_14_n1.txt,False,184,3,1,True,False,False,False,True
Cli_14,Cli_14_n8.txt,False,204,2,1,True,False,False,False,True
Cli_14,Cli_14_n6.txt,False,176,3,1,True,False,False,False,True
Cli_14,Cli_14_n3.txt,True,163,5,1,True,True,False,True,False
Cli_14,Cli_14_n7.txt,False,225,2,1,True,False,False,False,True
Cli_17,Cli_17_n3.txt,True,104,2,1,False,False,False,False,False
Cli_17,Cli_17_n9.txt,False,118,2,1,False,False,False,False,False
Cli_17,Cli_17_n5.txt,False,114,2,1,False,False,False,False,False
Cli_17,Cli_17_n4.txt,True,104,2,1,False,False,False,False,False
Chart_16,Chart_16_n7.txt,False,33,4,2,False,True,False,False,False
Chart_16,Chart_16_n10.txt,False,28,4,2,False,True,False,False,False
Chart_9,Chart_9_n10.txt,True,197,4,2,True,True,False,True,False
Chart_9,Chart_9_n9.txt,True,215,4,2,True,True,False,True,False
Chart_9,Chart_9_n5.txt,True,222,1,1,True,False,False,False,True
Chart_9,Chart_9_n7.txt,True,232,1,1,True,False,False,False,True
Chart_5,Chart_5_n3.txt,False,106,1,1,False,True,False,False,False
Chart_5,Chart_5_n7.txt,False,106,2,1,False,False,False,False,False
Chart_5,Chart_5_n10.txt,False,106,2,1,False,False,False,False,False
Chart_5,Chart_5_n9.txt,False,93,1,1,False,False,False,False,False
Chart_2,Chart_2_n2.txt,False,265,1,1,False,False,False,False,False
Chart_2,Chart_2_n9.txt,False,108,1,1,False,False,False,False,False
Chart_11,Chart_11_n2.txt,True,71,9,4,False,False,False,False,False
Chart_11,Chart_11_n10.txt,True,71,9,1,False,False,False,False,False
Chart_11,Chart_11_n7.txt,True,77,9,1,False,False,False,False,False
Chart_11,Chart_11_n3.txt,True,77,9,1,False,False,False,False,False
Chart_11,Chart_11_n8.txt,True,121,9,1,False,False,False,False,False
Chart_11,Chart_11_n1.txt,True,77,9,1,False,False,False,False,False
Cli_18,Cli_18_n4.txt,False,92,2,1,False,False,False,False,False
Cli_18,Cli_18_n3.txt,False,95,2,1,False,False,False,False,False
Cli_20,Cli_20_n8.txt,False,144,2,1,False,False,False,False,False
Cli_20,Cli_20_n3.txt,False,144,2,1,False,False,False,False,False
Cli_2,Cli_2_n1.txt,True,106,1,1,False,False,False,False,False
Cli_2,Cli_2_n6.txt,True,81,5,3,False,True,False,False,False
Cli_2,Cli_2_n8.txt,False,122,1,1,False,False,False,False,False
Cli_2,Cli_2_n7.txt,False,102,2,1,False,True,False,False,False
Cli_2,Cli_2_n3.txt,True,83,5,1,False,True,False,False,False
Cli_2,Cli_2_n5.txt,True,83,5,1,False,True,False,False,False
Cli_2,Cli_2_n9.txt,False,115,2,1,False,True,False,False,False
Cli_26,Cli_26_n10.txt,False,110,2,1,True,True,False,True,True
Cli_26,Cli_26_n5.txt,False,78,1,1,True,False,False,False,True
Cli_26,Cli_26_n6.txt,False,130,1,1,True,False,False,False,True
Cli_26,Cli_26_n3.txt,False,65,2,1,True,True,False,True,True
Cli_26,Cli_26_n2.txt,False,70,1,1,True,False,False,False,True
Cli_29,Cli_29_n8.txt,True,70,10,2,False,False,True,False,False
Cli_29,Cli_29_n5.txt,True,70,10,3,False,False,True,False,False
Cli_29,Cli_29_n4.txt,True,70,10,1,False,False,True,False,False
Cli_29,Cli_29_n6.txt,True,70,10,1,False,False,True,False,False
Cli_29,Cli_29_n7.txt,True,70,10,1,False,False,True,False,False
Cli_29,Cli_29_n1.txt,True,70,10,1,False,False,True,False,False
Cli_29,Cli_29_n10.txt,True,68,10,1,False,False,True,False,False
Cli_31,Cli_31_n8.txt,False,107,1,1,False,False,False,False,False
Cli_32,Cli_32_n7.txt,False,46,1,1,True,False,False,False,False
Cli_32,Cli_32_n9.txt,False,46,1,1,True,False,False,False,False
Cli_32,Cli_32_n5.txt,True,46,1,1,True,True,False,True,False
Cli_32,Cli_32_n1.txt,False,48,1,1,True,False,False,False,False
Cli_32,Cli_32_n4.txt,False,46,1,1,True,False,False,False,False
Cli_32,Cli_32_n6.txt,False,46,1,1,True,False,False,False,False
Cli_36,Cli_36_n9.txt,False,322,3,1,False,False,False,False,False
Cli_36,Cli_36_n6.txt,False,332,3,1,False,False,False,False,False
Cli_36,Cli_36_n7.txt,False,322,3,1,False,False,False,False,False
Cli_35,Cli_35_n3.txt,True,134,7,1,True,True,False,True,False
Cli_35,Cli_35_n1.txt,True,122,7,2,True,True,False,True,False
Cli_35,Cli_35_n10.txt,True,124,7,1,True,True,False,True,False
Cli_35,Cli_35_n2.txt,False,128,2,1,True,False,False,False,True
Cli_35,Cli_35_n4.txt,True,122,7,1,True,True,False,True,False
Cli_35,Cli_35_n8.txt,True,127,7,1,True,True,False,True,False
Cli_35,Cli_35_n9.txt,False,142,2,1,True,False,False,False,True
Cli_35,Cli_35_n6.txt,True,124,7,1,True,True,False,True,False
Cli_39,Cli_39_n7.txt,True,106,2,1,False,False,False,False,False
Cli_39,Cli_39_n10.txt,True,111,1,1,False,False,False,False,False
Cli_39,Cli_39_n5.txt,False,242,1,1,False,False,False,False,False
Cli_39,Cli_39_n9.txt,False,113,1,1,False,False,False,False,False
Cli_39,Cli_39_n1.txt,False,158,2,1,False,False,False,False,False
Cli_39,Cli_39_n6.txt,False,210,1,1,False,False,False,False,False
Cli_39,Cli_39_n4.txt,False,228,2,1,False,False,False,False,False
Cli_39,Cli_39_n2.txt,False,185,2,1,False,False,False,False,False
Cli_8,Cli_8_n8.txt,False,362,1,1,False,False,False,False,False
Cli_40,Cli_40_n3.txt,False,41,1,1,False,False,False,False,False
Cli_23,Cli_23_n10.txt,False,83,1,1,True,False,False,False,False
Closure_101,Closure_101_n8.txt,False,19,1,1,False,False,False,False,False
Closure_105,Closure_105_n1.txt,False,538,1,1,False,False,False,False,False
Closure_102,Closure_102_n1.txt,False,69,1,1,False,False,False,False,False
Closure_10,Closure_10_n9.txt,False,147,1,1,False,True,False,False,False
Closure_10,Closure_10_n3.txt,False,104,1,1,False,False,False,False,False
Closure_109,Closure_109_n10.txt,False,29,1,1,False,False,False,False,False
Closure_109,Closure_109_n9.txt,False,118,1,1,False,False,False,False,False
Closure_109,Closure_109_n4.txt,True,35,1,1,False,False,False,False,False
Closure_110,Closure_110_n2.txt,False,49,1,1,False,False,False,False,False
Closure_117,Closure_117_n9.txt,False,105,1,1,False,False,False,False,False
Closure_117,Closure_117_n7.txt,False,121,1,1,False,False,False,False,False
Closure_121,Closure_121_n6.txt,False,94,1,1,False,False,False,False,False
Closure_121,Closure_121_n1.txt,False,121,1,1,False,False,False,False,False
Closure_121,Closure_121_n3.txt,True,290,1,1,False,False,False,False,False
Closure_126,Closure_126_n5.txt,False,128,1,1,True,False,False,False,False
Closure_126,Closure_126_n9.txt,False,64,1,1,True,False,False,False,False
Closure_126,Closure_126_n8.txt,False,81,1,1,True,False,False,False,False
Closure_126,Closure_126_n1.txt,False,57,1,1,True,False,False,False,False
Closure_123,Closure_123_n8.txt,False,59,1,1,False,False,False,False,False
Closure_127,Closure_127_n2.txt,False,82,1,1,True,False,False,False,False
Closure_127,Closure_127_n6.txt,False,50,1,1,True,True,False,False,False
Closure_127,Closure_127_n9.txt,False,101,1,1,True,False,False,False,False
Closure_127,Closure_127_n7.txt,False,81,1,1,True,False,False,False,False
Closure_138,Closure_138_n3.txt,False,104,1,1,False,False,False,False,False
Closure_13,Closure_13_n8.txt,False,169,1,1,False,False,False,False,False
Closure_13,Closure_13_n3.txt,False,222,1,1,False,False,False,False,False
Closure_142,Closure_142_n5.txt,False,239,1,1,False,False,False,False,False
Closure_144,Closure_144_n6.txt,False,18,1,1,False,True,False,False,False
Closure_148,Closure_148_n7.txt,False,22,1,1,False,False,False,False,False
Closure_147,Closure_147_n1.txt,False,19,1,1,False,False,False,False,False
Closure_151,Closure_151_n2.txt,False,192,1,1,False,False,False,False,False
Closure_14,Closure_14_n6.txt,False,78,2,1,False,False,False,False,False
Closure_14,Closure_14_n3.txt,False,57,2,1,False,False,False,False,False
Closure_14,Closure_14_n10.txt,False,72,1,1,False,False,False,False,False
Closure_155,Closure_155_n7.txt,False,140,1,1,False,False,False,False,False
Closure_161,Closure_161_n10.txt,False,25,1,1,False,True,False,False,False
Closure_168,Closure_168_n1.txt,False,81,1,1,False,False,False,False,False
Closure_167,Closure_167_n2.txt,False,16,1,1,False,True,False,False,False
Closure_167,Closure_167_n1.txt,False,233,1,1,False,False,False,False,False
Closure_170,Closure_170_n9.txt,False,65,1,1,False,False,True,False,False
Closure_176,Closure_176_n6.txt,False,46,1,1,False,True,False,False,False
Closure_20,Closure_20_n2.txt,False,78,1,1,False,False,False,False,False
Closure_20,Closure_20_n10.txt,False,98,1,1,False,False,False,False,False
Closure_29,Closure_29_n7.txt,False,136,1,1,False,True,False,False,False
Closure_23,Closure_23_n1.txt,False,136,1,1,False,False,False,False,False
Closure_24,Closure_24_n4.txt,False,53,1,1,False,False,False,False,False
Closure_25,Closure_25_n3.txt,False,165,1,1,False,False,False,False,False
Closure_25,Closure_25_n1.txt,False,182,1,1,False,False,False,False,False
Closure_28,Closure_28_n5.txt,False,51,1,1,False,False,False,False,False
Closure_27,Closure_27_n8.txt,True,82,8,1,True,True,False,False,False
Closure_27,Closure_27_n10.txt,True,120,8,1,True,True,False,False,True
Closure_27,Closure_27_n4.txt,True,82,8,4,True,True,False,False,False
Closure_27,Closure_27_n7.txt,True,82,8,2,True,True,False,False,False
Closure_27,Closure_27_n2.txt,True,103,1,1,True,False,False,False,True
Closure_30,Closure_30_n1.txt,False,107,1,1,False,False,False,False,False
Closure_30,Closure_30_n10.txt,False,125,1,1,False,False,False,False,False
Closure_3,Closure_3_n2.txt,False,139,1,1,False,False,False,False,False
Closure_35,Closure_35_n7.txt,False,16,1,1,False,True,False,False,False
Closure_32,Closure_32_n3.txt,False,150,1,1,False,False,False,False,False
Closure_38,Closure_38_n2.txt,False,46,1,1,False,False,False,False,False
Closure_39,Closure_39_n5.txt,False,24,1,1,False,False,False,False,False
Closure_41,Closure_41_n8.txt,False,16,1,1,False,True,False,False,False
Closure_42,Closure_42_n7.txt,False,78,1,1,False,False,False,False,False
Closure_44,Closure_44_n5.txt,False,29,1,1,False,False,True,False,False
Closure_50,Closure_50_n3.txt,False,83,1,1,False,False,False,False,False
Closure_47,Closure_47_n1.txt,False,21,1,1,False,False,False,False,False
Closure_47,Closure_47_n5.txt,False,153,1,1,False,False,False,False,False
Closure_51,Closure_51_n2.txt,False,25,3,1,False,False,False,False,False
Closure_51,Closure_51_n7.txt,False,31,3,1,False,False,False,False,False
Closure_51,Closure_51_n3.txt,False,55,3,1,False,False,False,False,False
Closure_51,Closure_51_n1.txt,False,33,3,1,False,False,False,False,False
Closure_51,Closure_51_n4.txt,False,44,3,1,False,False,False,False,False
Closure_51,Closure_51_n10.txt,False,43,3,1,False,False,False,False,False
Closure_56,Closure_56_n1.txt,False,57,1,1,False,False,False,False,False
Closure_58,Closure_58_n9.txt,False,25,1,1,False,True,False,False,False
Closure_65,Closure_65_n2.txt,False,146,1,1,False,False,False,False,False
Closure_65,Closure_65_n5.txt,False,37,1,1,False,True,False,False,False
Closure_66,Closure_66_n9.txt,False,89,1,1,False,False,False,False,False
Closure_67,Closure_67_n5.txt,False,249,1,1,False,False,False,False,False
Closure_76,Closure_76_n6.txt,False,233,1,1,False,True,False,False,False
Closure_77,Closure_77_n7.txt,False,171,1,1,False,False,True,False,False
Closure_77,Closure_77_n1.txt,False,37,1,1,False,True,False,False,False
Closure_81,Closure_81_n4.txt,False,27,1,1,False,False,False,False,False
Closure_80,Closure_80_n2.txt,False,52,1,1,True,False,False,False,True
Closure_85,Closure_85_n2.txt,False,30,1,1,True,True,False,False,False
Closure_85,Closure_85_n6.txt,False,51,1,1,True,False,False,False,False
Closure_83,Closure_83_n6.txt,False,157,1,1,False,False,False,False,False
Closure_83,Closure_83_n7.txt,False,83,1,1,False,False,False,False,False
Closure_8,Closure_8_n2.txt,False,132,1,1,False,False,False,False,False
Closure_89,Closure_89_n2.txt,False,239,1,1,False,True,False,False,False
Codec_1,Codec_1_n7.txt,False,32,2,1,False,False,False,False,False
Codec_1,Codec_1_n9.txt,False,105,2,1,False,False,False,False,False
Closure_92,Closure_92_n2.txt,False,106,1,1,False,False,False,False,False
Codec_10,Codec_10_n8.txt,False,32,1,1,False,False,False,False,False
Codec_10,Codec_10_n4.txt,False,51,1,1,False,False,False,False,False
Codec_10,Codec_10_n1.txt,False,39,1,1,False,False,False,False,False
Codec_10,Codec_10_n5.txt,False,99,1,1,False,False,False,False,False
Codec_10,Codec_10_n9.txt,False,69,1,1,False,False,False,False,False
Codec_10,Codec_10_n10.txt,False,51,1,1,False,False,False,False,False
Closure_98,Closure_98_n10.txt,False,29,1,1,False,False,False,False,False
Closure_97,Closure_97_n3.txt,False,19,2,2,False,False,True,False,False
Codec_11,Codec_11_n1.txt,True,46,10,2,True,True,False,False,False
Codec_11,Codec_11_n6.txt,True,43,10,1,True,True,False,False,False
Codec_11,Codec_11_n5.txt,True,36,10,1,True,True,False,False,False
Codec_11,Codec_11_n7.txt,True,38,10,1,True,True,False,False,False
Codec_11,Codec_11_n2.txt,True,41,10,1,True,True,False,False,False
Codec_11,Codec_11_n4.txt,True,39,10,2,True,True,False,False,False
Codec_11,Codec_11_n9.txt,True,43,10,2,True,True,False,False,False
Codec_12,Codec_12_n8.txt,True,55,10,10,False,False,True,False,False
Codec_16,Codec_16_n10.txt,False,42,1,1,False,False,False,False,False
Codec_16,Codec_16_n1.txt,False,149,1,1,False,False,False,False,False
Codec_13,Codec_13_n3.txt,False,71,10,1,True,True,False,True,False
Codec_13,Codec_13_n5.txt,False,29,10,1,True,True,False,True,False
Codec_13,Codec_13_n6.txt,True,85,10,1,True,True,False,True,True
Codec_13,Codec_13_n1.txt,True,29,10,1,True,True,False,True,False
Codec_13,Codec_13_n9.txt,True,27,10,2,True,True,False,True,False
Codec_13,Codec_13_n10.txt,True,26,10,1,True,True,False,True,False
Codec_13,Codec_13_n2.txt,True,36,10,1,True,True,False,True,False
Codec_13,Codec_13_n8.txt,False,32,10,1,True,True,False,True,False
Codec_13,Codec_13_n4.txt,False,34,10,1,True,True,False,True,False
Codec_15,Codec_15_n9.txt,False,64,3,1,False,True,False,False,False
Codec_15,Codec_15_n1.txt,False,28,3,1,False,True,False,False,False
Codec_15,Codec_15_n7.txt,True,75,1,1,False,False,False,False,False
Codec_15,Codec_15_n4.txt,False,28,1,1,False,True,False,False,False
Codec_15,Codec_15_n2.txt,False,27,1,1,False,False,False,False,False
Codec_15,Codec_15_n6.txt,False,37,1,1,False,False,False,False,False
Codec_15,Codec_15_n8.txt,False,63,1,1,False,False,False,False,False
Codec_15,Codec_15_n5.txt,False,40,3,1,False,True,False,False,False
Codec_15,Codec_15_n10.txt,False,39,1,1,False,False,False,False,False
Codec_17,Codec_17_n7.txt,True,67,8,5,False,True,False,False,False
Codec_17,Codec_17_n3.txt,True,17,8,2,False,True,False,False,False
Codec_17,Codec_17_n6.txt,True,39,8,1,False,True,False,False,False
Codec_3,Codec_3_n6.txt,False,127,3,1,False,False,False,False,False
Codec_3,Codec_3_n8.txt,False,71,5,5,False,False,True,False,False
Codec_3,Codec_3_n10.txt,False,55,2,1,False,False,False,False,False
Codec_3,Codec_3_n2.txt,False,127,3,1,False,False,False,False,False
Codec_3,Codec_3_n9.txt,False,127,3,1,False,False,False,False,False
Codec_3,Codec_3_n3.txt,False,93,2,1,False,False,False,False,False
Codec_4,Codec_4_n4.txt,True,76,1,1,False,False,False,False,False
Codec_4,Codec_4_n8.txt,False,121,1,1,False,False,False,False,False
Codec_4,Codec_4_n7.txt,False,82,3,1,False,False,False,False,False
Codec_4,Codec_4_n3.txt,False,82,3,1,False,False,False,False,False
Codec_4,Codec_4_n1.txt,True,81,3,1,False,False,False,False,False
Codec_4,Codec_4_n6.txt,False,92,3,1,False,False,False,False,False
Codec_4,Codec_4_n5.txt,False,103,3,1,False,False,False,False,False
Codec_4,Codec_4_n9.txt,False,80,1,1,False,False,False,False,False
Codec_4,Codec_4_n10.txt,False,85,1,1,False,False,False,False,False
Codec_4,Codec_4_n2.txt,False,82,3,1,False,False,False,False,False
Codec_8,Codec_8_n6.txt,False,144,1,1,True,True,False,True,True
Codec_8,Codec_8_n5.txt,False,91,1,1,True,False,False,False,True
Codec_7,Codec_7_n8.txt,True,109,5,2,False,False,True,False,False
Codec_7,Codec_7_n2.txt,True,109,5,3,False,False,True,False,False
Codec_7,Codec_7_n6.txt,True,24,5,4,False,False,True,False,False
Codec_7,Codec_7_n3.txt,True,34,5,1,False,False,True,False,False
Codec_9,Codec_9_n1.txt,False,46,1,1,True,False,False,False,False
Codec_9,Codec_9_n10.txt,False,46,1,1,True,False,False,False,False
Codec_9,Codec_9_n6.txt,False,66,1,1,True,False,False,False,False
Codec_9,Codec_9_n7.txt,False,46,1,1,True,False,False,False,False
Codec_9,Codec_9_n8.txt,False,46,1,1,True,False,False,False,False
Compress_12,Compress_12_n3.txt,False,81,1,1,True,False,False,False,True
Compress_12,Compress_12_n1.txt,False,132,1,1,True,False,False,False,True
Compress_14,Compress_14_n4.txt,False,89,1,1,True,True,False,True,False
Compress_14,Compress_14_n8.txt,False,105,2,1,True,True,False,False,False
Compress_14,Compress_14_n5.txt,False,78,1,1,True,False,False,False,True
Compress_14,Compress_14_n6.txt,False,69,1,1,True,True,False,False,False
Compress_14,Compress_14_n2.txt,False,80,2,1,True,True,False,False,False
Compress_10,Compress_10_n9.txt,False,87,1,1,False,True,False,False,False
Compress_22,Compress_22_n3.txt,False,2065,1,1,False,True,False,False,False
Collections_25,Collections_25_n3.txt,True,123,7,7,True,True,False,False,False
Compress_17,Compress_17_n4.txt,False,78,3,1,True,True,False,False,True
Compress_17,Compress_17_n6.txt,False,78,3,1,True,True,False,False,True
Compress_17,Compress_17_n7.txt,False,78,3,1,True,True,False,False,True
Compress_17,Compress_17_n8.txt,False,81,1,1,True,True,False,False,True
Compress_16,Compress_16_n9.txt,False,57,4,1,False,True,False,False,False
Compress_16,Compress_16_n5.txt,False,52,4,1,False,True,False,False,False
Compress_16,Compress_16_n6.txt,False,57,4,2,False,True,False,False,False
Compress_20,Compress_20_n4.txt,False,54,1,1,True,True,False,False,False
Compress_20,Compress_20_n8.txt,False,76,1,1,True,False,False,False,True
Compress_2,Compress_2_n1.txt,False,297,1,1,False,True,False,False,False
Compress_18,Compress_18_n1.txt,False,147,1,1,True,True,False,False,False
Compress_18,Compress_18_n9.txt,False,90,1,1,True,True,False,False,False
Compress_24,Compress_24_n9.txt,True,140,2,1,True,True,False,False,False
Compress_24,Compress_24_n1.txt,False,394,2,1,True,True,False,False,True
Compress_19,Compress_19_n8.txt,False,62,1,1,True,True,False,False,True
Compress_19,Compress_19_n3.txt,False,79,1,1,True,False,False,False,True
Compress_19,Compress_19_n5.txt,False,94,1,1,True,False,False,False,True
Compress_19,Compress_19_n4.txt,False,72,1,1,True,False,False,False,True
Compress_27,Compress_27_n4.txt,False,277,1,1,True,True,False,True,True
Compress_27,Compress_27_n1.txt,False,133,1,1,True,True,False,False,False
Compress_27,Compress_27_n7.txt,False,173,1,1,True,True,False,False,False
Compress_25,Compress_25_n1.txt,False,945,2,1,False,False,False,False,False
Compress_25,Compress_25_n6.txt,False,973,2,1,False,False,False,False,False
Compress_28,Compress_28_n2.txt,False,135,1,1,True,False,False,False,True
Compress_32,Compress_32_n2.txt,False,172,1,1,True,True,False,False,False
Compress_32,Compress_32_n7.txt,False,96,1,1,True,False,False,False,False
Compress_32,Compress_32_n10.txt,False,184,1,1,True,True,False,True,False
Compress_37,Compress_37_n8.txt,False,335,1,1,True,False,False,False,True
Compress_35,Compress_35_n3.txt,False,68,1,1,False,True,False,False,False
Compress_30,Compress_30_n1.txt,True,146,1,1,False,False,True,False,False
Compress_30,Compress_30_n3.txt,True,114,1,1,False,False,True,False,False
Compress_30,Compress_30_n2.txt,True,173,1,1,False,False,True,False,False
Compress_30,Compress_30_n7.txt,False,225,1,1,False,False,False,False,False
Compress_34,Compress_34_n2.txt,False,820,1,1,True,True,False,False,False
Compress_36,Compress_36_n4.txt,False,99,1,1,True,True,False,False,False
Compress_40,Compress_40_n2.txt,False,129,1,1,True,False,False,False,False
Compress_39,Compress_39_n7.txt,False,103,1,1,True,False,False,False,False
Compress_39,Compress_39_n10.txt,False,68,1,1,True,False,False,False,True
Compress_39,Compress_39_n5.txt,False,108,1,1,True,False,False,False,True
Compress_39,Compress_39_n2.txt,False,131,1,1,True,False,False,False,True
Compress_41,Compress_41_n2.txt,False,215,5,1,True,True,False,False,False
Compress_41,Compress_41_n6.txt,False,126,5,1,True,True,False,False,False
Compress_41,Compress_41_n1.txt,False,129,5,1,True,True,False,False,False
Compress_41,Compress_41_n10.txt,False,225,5,1,True,True,False,False,False
Compress_41,Compress_41_n5.txt,False,299,5,1,True,True,False,False,False
Compress_8,Compress_8_n2.txt,False,126,1,1,False,False,False,False,False
Compress_8,Compress_8_n6.txt,False,731,1,1,False,True,False,False,False
Compress_7,Compress_7_n4.txt,False,738,1,1,False,False,False,False,False
Compress_42,Compress_42_n7.txt,True,163,3,1,False,False,False,False,False
Compress_42,Compress_42_n2.txt,True,120,1,1,False,False,False,False,False
Compress_42,Compress_42_n3.txt,True,36,1,1,False,False,False,False,False
Compress_42,Compress_42_n1.txt,False,79,2,1,False,True,False,False,False
Compress_42,Compress_42_n5.txt,True,34,3,1,False,False,False,False,False
Compress_42,Compress_42_n8.txt,True,36,1,1,False,False,False,False,False
Compress_42,Compress_42_n4.txt,True,121,1,1,False,False,False,False,False
Compress_42,Compress_42_n9.txt,True,134,3,1,False,False,False,False,False
Compress_42,Compress_42_n10.txt,False,58,2,1,False,True,False,False,False
Compress_44,Compress_44_n8.txt,False,24,9,9,True,True,False,True,False
Compress_47,Compress_47_n2.txt,False,160,1,1,True,True,False,False,True
Compress_47,Compress_47_n9.txt,False,225,1,1,True,False,False,False,True
Compress_47,Compress_47_n8.txt,False,83,1,1,True,False,False,False,True
Compress_46,Compress_46_n7.txt,False,48,1,1,False,False,False,False,False
Csv_10,Csv_10_n4.txt,True,64,1,1,False,False,True,False,False
Csv_14,Csv_14_n5.txt,False,63,2,2,False,False,True,False,False
Csv_15,Csv_15_n5.txt,True,83,1,1,False,False,False,False,False
Csv_15,Csv_15_n7.txt,True,67,5,1,False,False,True,False,False
Csv_15,Csv_15_n9.txt,True,78,5,1,False,False,True,False,False
Csv_15,Csv_15_n8.txt,True,89,1,1,False,False,False,False,False
Csv_15,Csv_15_n3.txt,True,64,5,1,False,False,True,False,False
Csv_15,Csv_15_n1.txt,True,60,5,1,False,False,True,False,False
Csv_15,Csv_15_n4.txt,True,72,5,1,False,False,True,False,False
Csv_16,Csv_16_n3.txt,True,133,1,1,False,False,True,False,False
Csv_16,Csv_16_n2.txt,True,123,1,1,False,False,True,False,False
Csv_2,Csv_2_n6.txt,False,59,9,7,True,True,False,False,False
Csv_2,Csv_2_n2.txt,True,75,9,1,True,True,False,False,False
Csv_2,Csv_2_n8.txt,True,81,9,1,True,True,False,False,False
Csv_4,Csv_4_n10.txt,False,44,1,1,True,False,False,False,False
Csv_4,Csv_4_n3.txt,False,41,1,1,True,False,False,False,False
Csv_4,Csv_4_n8.txt,False,79,1,1,True,False,False,False,False
Csv_4,Csv_4_n9.txt,True,110,1,1,True,True,False,False,False
Csv_4,Csv_4_n1.txt,True,135,1,1,True,False,False,False,False
Csv_4,Csv_4_n6.txt,False,81,1,1,True,False,False,False,False
Csv_5,Csv_5_n3.txt,True,62,2,1,False,False,False,False,False
Csv_5,Csv_5_n9.txt,False,59,1,1,False,False,False,False,False
Csv_5,Csv_5_n7.txt,False,73,1,1,False,False,False,False,False
Csv_5,Csv_5_n6.txt,True,58,2,1,False,False,False,False,False
Csv_5,Csv_5_n5.txt,True,70,2,2,False,False,True,False,False
Csv_5,Csv_5_n4.txt,True,62,1,1,False,False,False,False,False
Csv_5,Csv_5_n10.txt,False,61,1,1,False,False,False,False,False
Gson_13,Gson_13_n8.txt,False,70,1,1,False,True,False,False,False
Csv_9,Csv_9_n6.txt,False,69,1,1,True,True,False,False,False
Csv_9,Csv_9_n4.txt,False,75,3,1,True,False,False,False,False
Csv_9,Csv_9_n10.txt,False,69,3,1,True,False,False,False,False
Csv_9,Csv_9_n3.txt,False,65,3,1,True,False,False,False,False
Gson_10,Gson_10_n2.txt,True,261,4,3,False,False,False,False,False
Gson_10,Gson_10_n10.txt,False,274,1,1,False,True,False,False,False
Gson_10,Gson_10_n8.txt,True,262,4,1,False,False,False,False,False
Gson_18,Gson_18_n6.txt,True,97,2,1,True,True,False,True,False
Gson_18,Gson_18_n4.txt,True,91,2,1,True,True,False,True,False
Gson_8,Gson_8_n7.txt,False,167,1,1,False,False,False,False,False
Gson_15,Gson_15_n7.txt,True,150,6,3,False,True,False,False,False
Gson_15,Gson_15_n5.txt,True,115,6,2,False,True,False,False,False
Gson_15,Gson_15_n4.txt,True,168,6,1,False,True,False,False,False
Gson_5,Gson_5_n7.txt,True,34,4,1,True,True,False,False,False
Gson_5,Gson_5_n8.txt,True,39,4,1,True,True,False,False,False
Gson_5,Gson_5_n4.txt,True,35,4,1,True,True,False,False,False
Gson_5,Gson_5_n9.txt,True,27,4,1,True,True,False,False,False
Gson_7,Gson_7_n6.txt,True,90,10,7,False,True,False,False,False
Gson_7,Gson_7_n4.txt,True,97,10,2,False,True,False,False,False
Gson_7,Gson_7_n3.txt,True,85,10,1,False,True,False,False,False
JacksonCore_12,JacksonCore_12_n8.txt,False,119,3,1,False,False,False,False,False
JacksonCore_12,JacksonCore_12_n3.txt,True,122,2,1,False,False,False,False,False
JacksonCore_12,JacksonCore_12_n9.txt,False,119,3,1,False,False,False,False,False
JacksonCore_12,JacksonCore_12_n6.txt,False,129,3,1,False,False,False,False,False
JacksonCore_12,JacksonCore_12_n7.txt,False,130,1,1,False,False,False,False,False
JacksonCore_12,JacksonCore_12_n10.txt,True,163,2,1,False,False,False,False,False
JacksonCore_16,JacksonCore_16_n2.txt,False,181,1,1,False,False,False,False,False
JacksonCore_16,JacksonCore_16_n8.txt,False,171,1,1,False,False,False,False,False
JacksonCore_16,JacksonCore_16_n4.txt,False,122,1,1,False,False,False,False,False
JacksonCore_16,JacksonCore_16_n5.txt,False,137,1,1,False,False,False,False,False
JacksonCore_19,JacksonCore_19_n4.txt,True,89,4,1,True,True,False,True,False
JacksonCore_19,JacksonCore_19_n9.txt,False,80,4,2,True,True,False,True,False
JacksonCore_19,JacksonCore_19_n1.txt,False,94,4,1,True,True,False,True,False
JacksonCore_20,JacksonCore_20_n3.txt,True,78,3,1,True,True,False,False,False
JacksonCore_20,JacksonCore_20_n5.txt,True,67,3,1,True,True,False,False,False
JacksonCore_20,JacksonCore_20_n4.txt,True,70,3,1,True,True,False,False,False
JacksonCore_21,JacksonCore_21_n6.txt,False,86,1,1,False,False,False,False,False
JacksonCore_21,JacksonCore_21_n2.txt,False,294,1,1,False,False,False,False,False
JacksonCore_3,JacksonCore_3_n8.txt,False,132,1,1,True,True,False,False,False
JacksonCore_3,JacksonCore_3_n10.txt,False,272,1,1,True,True,False,False,False
JacksonCore_6,JacksonCore_6_n4.txt,False,29,1,1,False,False,False,False,False
JacksonCore_23,JacksonCore_23_n2.txt,False,62,1,1,False,False,False,False,False
JacksonCore_23,JacksonCore_23_n9.txt,False,54,1,1,False,False,False,False,False
JacksonCore_23,JacksonCore_23_n6.txt,False,52,1,1,False,False,False,False,False
JacksonCore_23,JacksonCore_23_n3.txt,False,50,1,1,False,False,False,False,False
JacksonCore_23,JacksonCore_23_n1.txt,False,52,1,1,False,False,False,False,False
JacksonCore_7,JacksonCore_7_n5.txt,False,52,2,1,True,False,False,False,False
JacksonCore_7,JacksonCore_7_n1.txt,False,61,1,1,True,False,False,False,False
JacksonCore_7,JacksonCore_7_n4.txt,False,58,1,1,True,False,False,False,False
JacksonCore_7,JacksonCore_7_n6.txt,False,61,2,1,True,False,False,False,False
JacksonDatabind_1,JacksonDatabind_1_n7.txt,False,164,2,1,True,False,False,False,False
JacksonDatabind_1,JacksonDatabind_1_n6.txt,False,163,2,1,True,False,False,False,False
JacksonCore_5,JacksonCore_5_n9.txt,True,14,4,4,True,True,False,False,False
JacksonCore_8,JacksonCore_8_n7.txt,True,116,2,1,False,False,False,False,False
JacksonCore_8,JacksonCore_8_n9.txt,True,290,2,1,False,False,False,False,False
JacksonCore_8,JacksonCore_8_n8.txt,True,129,2,1,False,False,False,False,False
JacksonCore_8,JacksonCore_8_n3.txt,True,126,2,1,False,False,False,False,False
JacksonCore_9,JacksonCore_9_n1.txt,False,79,1,1,False,False,True,False,False
JacksonCore_9,JacksonCore_9_n10.txt,False,129,1,1,False,False,False,False,False
JacksonCore_9,JacksonCore_9_n2.txt,True,83,2,1,False,False,True,False,False
JacksonCore_9,JacksonCore_9_n7.txt,True,78,2,1,False,False,True,False,False
JacksonCore_9,JacksonCore_9_n8.txt,True,83,1,1,False,False,True,False,False
JacksonDatabind_104,JacksonDatabind_104_n1.txt,False,163,2,1,True,False,False,False,False
JacksonDatabind_104,JacksonDatabind_104_n2.txt,False,75,1,1,True,False,False,False,False
JacksonDatabind_104,JacksonDatabind_104_n10.txt,False,63,1,1,True,True,False,True,False
JacksonDatabind_104,JacksonDatabind_104_n7.txt,False,75,2,1,True,False,False,False,False
JacksonDatabind_102,JacksonDatabind_102_n7.txt,False,133,2,1,False,False,False,False,False
JacksonDatabind_102,JacksonDatabind_102_n9.txt,False,105,2,1,False,False,False,False,False
JacksonDatabind_102,JacksonDatabind_102_n4.txt,True,113,1,1,False,False,False,False,False
JacksonDatabind_102,JacksonDatabind_102_n10.txt,False,141,1,1,False,False,False,False,False
JacksonDatabind_102,JacksonDatabind_102_n6.txt,False,178,1,1,False,False,False,False,False
JacksonDatabind_102,JacksonDatabind_102_n3.txt,False,124,1,1,False,False,False,False,False
JacksonDatabind_108,JacksonDatabind_108_n2.txt,False,37,6,4,True,False,False,False,False
JacksonDatabind_108,JacksonDatabind_108_n6.txt,False,37,6,1,True,False,False,False,False
JacksonDatabind_108,JacksonDatabind_108_n3.txt,False,37,6,1,True,False,False,False,False
JacksonDatabind_108,JacksonDatabind_108_n8.txt,False,46,1,1,True,False,False,False,False
JacksonDatabind_11,JacksonDatabind_11_n10.txt,False,162,1,1,False,True,False,False,False
JacksonDatabind_109,JacksonDatabind_109_n2.txt,True,95,4,1,False,False,False,False,False
JacksonDatabind_109,JacksonDatabind_109_n3.txt,False,144,4,1,False,False,False,False,False
JacksonDatabind_109,JacksonDatabind_109_n9.txt,True,115,4,1,False,False,False,False,False
JacksonDatabind_109,JacksonDatabind_109_n8.txt,False,251,1,1,False,False,True,False,False
JacksonDatabind_109,JacksonDatabind_109_n10.txt,True,111,4,1,False,False,False,False,False
JacksonDatabind_105,JacksonDatabind_105_n4.txt,False,41,1,1,False,False,False,False,False
JacksonDatabind_107,JacksonDatabind_107_n6.txt,False,156,2,1,False,False,False,False,False
JacksonDatabind_107,JacksonDatabind_107_n10.txt,False,238,1,1,False,False,False,False,False
JacksonDatabind_107,JacksonDatabind_107_n2.txt,False,120,2,1,False,False,False,False,False
JacksonDatabind_110,JacksonDatabind_110_n7.txt,False,107,10,10,True,True,False,True,False
JacksonDatabind_2,JacksonDatabind_2_n4.txt,True,360,1,1,False,False,False,False,False
JacksonDatabind_112,JacksonDatabind_112_n10.txt,False,153,1,1,False,False,False,False,False
JacksonDatabind_13,JacksonDatabind_13_n8.txt,False,75,1,1,True,True,False,False,False
JacksonDatabind_18,JacksonDatabind_18_n2.txt,False,105,1,1,True,False,False,False,True
JacksonDatabind_18,JacksonDatabind_18_n3.txt,False,133,1,1,True,False,False,False,False
JacksonDatabind_16,JacksonDatabind_16_n10.txt,True,51,7,7,False,False,False,False,False
JacksonDatabind_17,JacksonDatabind_17_n4.txt,True,144,5,3,True,True,False,True,False
JacksonDatabind_17,JacksonDatabind_17_n2.txt,True,144,5,1,True,True,False,True,False
JacksonDatabind_17,JacksonDatabind_17_n5.txt,True,144,5,1,True,True,False,True,False
JacksonDatabind_19,JacksonDatabind_19_n10.txt,False,80,3,1,False,False,False,False,False
JacksonDatabind_19,JacksonDatabind_19_n8.txt,False,80,3,1,False,False,False,False,False
JacksonDatabind_19,JacksonDatabind_19_n7.txt,False,94,3,1,False,False,False,False,False
JacksonDatabind_19,JacksonDatabind_19_n1.txt,False,149,6,1,False,False,False,False,False
JacksonDatabind_19,JacksonDatabind_19_n6.txt,False,80,6,1,False,False,False,False,False
JacksonDatabind_19,JacksonDatabind_19_n4.txt,False,92,6,1,False,False,False,False,False
JacksonDatabind_19,JacksonDatabind_19_n5.txt,False,111,6,1,False,False,False,False,False
JacksonDatabind_19,JacksonDatabind_19_n9.txt,False,73,6,1,False,False,False,False,False
JacksonDatabind_19,JacksonDatabind_19_n3.txt,False,80,6,1,False,False,False,False,False
JacksonDatabind_23,JacksonDatabind_23_n1.txt,False,314,1,1,False,True,False,False,False
JacksonDatabind_22,JacksonDatabind_22_n9.txt,False,160,1,1,False,True,False,False,False
JacksonDatabind_22,JacksonDatabind_22_n6.txt,True,148,2,1,False,False,False,False,False
JacksonDatabind_22,JacksonDatabind_22_n2.txt,False,157,1,1,False,True,False,False,False
JacksonDatabind_22,JacksonDatabind_22_n5.txt,True,160,1,1,False,False,False,False,False
JacksonDatabind_22,JacksonDatabind_22_n1.txt,True,162,2,1,False,False,False,False,False
JacksonDatabind_22,JacksonDatabind_22_n8.txt,False,143,1,1,False,True,False,False,False
JacksonDatabind_22,JacksonDatabind_22_n10.txt,False,196,1,1,False,True,False,False,False
JacksonDatabind_32,JacksonDatabind_32_n9.txt,False,57,3,3,True,False,False,False,True
JacksonDatabind_32,JacksonDatabind_32_n4.txt,True,70,1,1,True,True,False,True,True
JacksonDatabind_31,JacksonDatabind_31_n2.txt,False,208,1,1,False,False,False,False,False
JacksonDatabind_31,JacksonDatabind_31_n7.txt,False,119,1,1,False,False,False,False,False
JacksonDatabind_34,JacksonDatabind_34_n5.txt,False,54,1,1,False,False,False,False,False
JacksonDatabind_34,JacksonDatabind_34_n6.txt,False,80,1,1,False,False,False,False,False
JacksonDatabind_35,JacksonDatabind_35_n10.txt,False,17,1,1,False,True,False,False,False
JacksonDatabind_39,JacksonDatabind_39_n5.txt,False,423,1,1,False,False,False,False,False
JacksonDatabind_38,JacksonDatabind_38_n10.txt,False,119,2,1,True,True,False,False,False
JacksonDatabind_38,JacksonDatabind_38_n8.txt,False,113,2,1,True,True,False,False,False
JacksonDatabind_38,JacksonDatabind_38_n9.txt,False,62,2,1,True,True,False,False,False
JacksonDatabind_38,JacksonDatabind_38_n5.txt,False,91,2,1,True,True,False,False,False
JacksonDatabind_4,JacksonDatabind_4_n10.txt,False,108,1,1,True,False,False,False,True
JacksonDatabind_4,JacksonDatabind_4_n6.txt,False,220,1,1,True,False,False,False,False
JacksonDatabind_37,JacksonDatabind_37_n2.txt,False,168,4,1,True,True,False,False,False
JacksonDatabind_37,JacksonDatabind_37_n1.txt,False,144,4,1,True,True,False,False,True
JacksonDatabind_37,JacksonDatabind_37_n9.txt,False,212,4,1,True,True,False,False,True
JacksonDatabind_37,JacksonDatabind_37_n4.txt,False,230,4,1,True,True,False,False,True
JacksonDatabind_36,JacksonDatabind_36_n9.txt,False,120,2,1,False,False,False,False,False
JacksonDatabind_36,JacksonDatabind_36_n2.txt,False,136,4,1,False,False,False,False,False
JacksonDatabind_36,JacksonDatabind_36_n4.txt,False,108,4,1,False,False,False,False,False
JacksonDatabind_36,JacksonDatabind_36_n7.txt,False,100,4,1,False,False,False,False,False
JacksonDatabind_36,JacksonDatabind_36_n3.txt,False,107,2,1,False,False,False,False,False
JacksonDatabind_36,JacksonDatabind_36_n5.txt,False,52,1,1,False,False,False,False,False
JacksonDatabind_36,JacksonDatabind_36_n8.txt,False,100,4,1,False,False,False,False,False
JacksonDatabind_36,JacksonDatabind_36_n10.txt,False,85,1,1,False,False,False,False,False
JacksonDatabind_41,JacksonDatabind_41_n6.txt,False,123,2,1,False,True,False,False,False
JacksonDatabind_41,JacksonDatabind_41_n9.txt,True,88,2,1,False,True,False,False,False
JacksonDatabind_41,JacksonDatabind_41_n8.txt,False,142,1,1,False,True,False,False,False
JacksonDatabind_40,JacksonDatabind_40_n1.txt,False,66,1,1,True,False,False,False,False
JacksonDatabind_40,JacksonDatabind_40_n8.txt,False,52,1,1,True,False,False,False,False
JacksonDatabind_40,JacksonDatabind_40_n2.txt,False,52,3,3,True,False,False,False,False
JacksonDatabind_40,JacksonDatabind_40_n9.txt,False,52,1,1,True,False,False,False,False
JacksonDatabind_40,JacksonDatabind_40_n6.txt,False,52,1,1,True,False,False,False,False
JacksonDatabind_42,JacksonDatabind_42_n1.txt,True,57,9,5,False,False,True,False,False
JacksonDatabind_42,JacksonDatabind_42_n10.txt,True,55,9,2,False,False,True,False,False
JacksonDatabind_42,JacksonDatabind_42_n6.txt,True,57,9,2,False,False,True,False,False
JacksonDatabind_42,JacksonDatabind_42_n3.txt,True,67,1,1,False,False,False,False,False
JacksonDatabind_44,JacksonDatabind_44_n5.txt,False,210,1,1,False,True,False,False,False
JacksonDatabind_48,JacksonDatabind_48_n10.txt,True,306,1,1,False,False,True,False,False
JacksonDatabind_48,JacksonDatabind_48_n6.txt,True,287,7,4,False,False,True,False,False
JacksonDatabind_48,JacksonDatabind_48_n4.txt,True,285,7,1,False,False,True,False,False
JacksonDatabind_48,JacksonDatabind_48_n7.txt,True,231,7,1,False,False,True,False,False
JacksonDatabind_48,JacksonDatabind_48_n2.txt,True,306,1,1,False,False,True,False,False
JacksonDatabind_48,JacksonDatabind_48_n3.txt,True,302,7,1,False,False,True,False,False
JacksonDatabind_59,JacksonDatabind_59_n10.txt,True,60,2,1,False,True,False,False,False
JacksonDatabind_59,JacksonDatabind_59_n1.txt,True,60,2,1,False,True,False,False,False
JacksonDatabind_61,JacksonDatabind_61_n10.txt,False,269,1,1,True,False,False,False,True
JacksonDatabind_61,JacksonDatabind_61_n4.txt,False,183,1,1,True,False,False,False,True
JacksonDatabind_61,JacksonDatabind_61_n3.txt,False,176,1,1,True,False,False,False,True
JacksonDatabind_61,JacksonDatabind_61_n8.txt,False,213,1,1,True,True,False,False,False
JacksonDatabind_61,JacksonDatabind_61_n7.txt,False,196,1,1,True,False,False,False,True
JacksonDatabind_61,JacksonDatabind_61_n6.txt,False,187,1,1,True,False,False,False,True
JacksonDatabind_6,JacksonDatabind_6_n1.txt,False,221,1,1,False,False,False,False,False
JacksonDatabind_6,JacksonDatabind_6_n4.txt,True,56,5,1,False,True,False,False,False
JacksonDatabind_6,JacksonDatabind_6_n2.txt,True,67,5,1,False,True,False,False,False
JacksonDatabind_6,JacksonDatabind_6_n8.txt,True,109,5,1,False,True,False,False,False
JacksonDatabind_6,JacksonDatabind_6_n9.txt,True,60,5,1,False,True,False,False,False
JacksonDatabind_6,JacksonDatabind_6_n5.txt,True,97,5,1,False,True,False,False,False
JacksonDatabind_62,JacksonDatabind_62_n9.txt,True,92,3,3,True,True,False,True,False
JacksonDatabind_64,JacksonDatabind_64_n7.txt,False,82,1,1,False,False,False,False,False
JacksonDatabind_64,JacksonDatabind_64_n9.txt,False,66,1,1,False,False,False,False,False
JacksonDatabind_56,JacksonDatabind_56_n3.txt,False,111,4,1,False,True,False,False,False
JacksonDatabind_56,JacksonDatabind_56_n7.txt,False,89,4,1,False,True,False,False,False
JacksonDatabind_56,JacksonDatabind_56_n5.txt,False,86,1,1,False,False,False,False,False
JacksonDatabind_56,JacksonDatabind_56_n9.txt,False,111,4,1,False,True,False,False,False
JacksonDatabind_56,JacksonDatabind_56_n10.txt,False,89,1,1,False,True,False,False,False
JacksonDatabind_56,JacksonDatabind_56_n1.txt,True,73,3,1,False,False,False,False,False
JacksonDatabind_56,JacksonDatabind_56_n4.txt,False,89,4,1,False,True,False,False,False
JacksonDatabind_56,JacksonDatabind_56_n2.txt,True,91,1,1,False,False,False,False,False
JacksonDatabind_56,JacksonDatabind_56_n6.txt,False,64,3,1,False,False,False,False,False
JacksonDatabind_56,JacksonDatabind_56_n8.txt,True,89,3,1,False,False,False,False,False
JacksonDatabind_70,JacksonDatabind_70_n2.txt,True,124,1,1,True,True,False,True,False
JacksonDatabind_71,JacksonDatabind_71_n9.txt,True,147,1,1,False,True,False,False,False
JacksonDatabind_72,JacksonDatabind_72_n7.txt,False,134,1,1,True,True,False,False,False
JacksonDatabind_72,JacksonDatabind_72_n8.txt,False,118,1,1,True,False,False,False,True
JacksonDatabind_82,JacksonDatabind_82_n4.txt,True,157,1,1,False,False,False,False,False
JacksonDatabind_74,JacksonDatabind_74_n9.txt,False,111,1,1,False,True,False,False,False
JacksonDatabind_74,JacksonDatabind_74_n10.txt,False,155,1,1,False,True,False,False,False
JacksonDatabind_74,JacksonDatabind_74_n2.txt,False,149,6,1,False,False,False,False,False
JacksonDatabind_74,JacksonDatabind_74_n4.txt,False,64,6,1,False,False,False,False,False
JacksonDatabind_74,JacksonDatabind_74_n7.txt,False,166,6,1,False,False,False,False,False
JacksonDatabind_74,JacksonDatabind_74_n8.txt,False,69,6,1,False,False,False,False,False
JacksonDatabind_74,JacksonDatabind_74_n6.txt,False,64,1,1,False,True,False,False,False
JacksonDatabind_74,JacksonDatabind_74_n1.txt,False,50,6,2,False,False,False,False,False
JacksonDatabind_74,JacksonDatabind_74_n3.txt,False,60,1,1,False,True,False,False,False
JacksonDatabind_79,JacksonDatabind_79_n3.txt,False,155,1,1,False,False,True,False,False
JacksonDatabind_80,JacksonDatabind_80_n6.txt,False,67,1,1,False,True,False,False,False
JacksonDatabind_8,JacksonDatabind_8_n6.txt,False,28,4,3,True,False,False,False,False
JacksonDatabind_8,JacksonDatabind_8_n4.txt,False,33,2,1,True,False,False,False,False
JacksonDatabind_8,JacksonDatabind_8_n10.txt,False,28,2,1,True,False,False,False,False
JacksonDatabind_8,JacksonDatabind_8_n7.txt,False,28,1,1,True,False,False,False,False
JacksonDatabind_8,JacksonDatabind_8_n1.txt,False,33,1,1,True,False,False,False,False
JacksonDatabind_8,JacksonDatabind_8_n2.txt,False,42,4,1,True,False,False,False,False
JacksonDatabind_8,JacksonDatabind_8_n5.txt,False,28,1,1,True,False,False,False,False
JacksonDatabind_83,JacksonDatabind_83_n8.txt,True,142,1,1,True,True,False,True,False
JacksonDatabind_83,JacksonDatabind_83_n4.txt,True,135,1,1,True,True,False,True,False
JacksonDatabind_81,JacksonDatabind_81_n10.txt,False,82,1,1,False,False,False,False,False
JacksonDatabind_81,JacksonDatabind_81_n2.txt,False,175,1,1,False,False,False,False,False
JacksonDatabind_81,JacksonDatabind_81_n3.txt,False,128,1,1,False,True,False,False,False
JacksonDatabind_88,JacksonDatabind_88_n1.txt,False,138,2,1,False,False,False,False,False
JacksonDatabind_88,JacksonDatabind_88_n9.txt,False,89,1,1,False,False,False,False,False
JacksonDatabind_88,JacksonDatabind_88_n3.txt,False,95,2,1,False,False,False,False,False
JacksonDatabind_94,JacksonDatabind_94_n10.txt,False,78,1,1,False,False,False,False,False
JacksonDatabind_94,JacksonDatabind_94_n2.txt,False,73,1,1,False,False,False,False,False
JacksonDatabind_94,JacksonDatabind_94_n6.txt,False,84,1,1,False,False,False,False,False
JacksonDatabind_94,JacksonDatabind_94_n4.txt,False,112,1,1,False,False,False,False,False
JacksonDatabind_94,JacksonDatabind_94_n3.txt,False,68,1,1,False,True,False,False,False
JacksonDatabind_94,JacksonDatabind_94_n5.txt,False,107,1,1,False,False,False,False,False
JacksonXml_4,JacksonXml_4_n6.txt,False,63,1,1,False,False,False,False,False
JacksonDatabind_87,JacksonDatabind_87_n4.txt,True,169,5,3,False,False,True,False,False
JacksonDatabind_87,JacksonDatabind_87_n9.txt,False,77,1,1,False,False,False,False,False
JacksonDatabind_87,JacksonDatabind_87_n3.txt,True,97,5,1,False,False,True,False,False
JacksonDatabind_87,JacksonDatabind_87_n10.txt,False,85,1,1,False,False,False,False,False
JacksonDatabind_87,JacksonDatabind_87_n6.txt,True,169,5,1,False,False,True,False,False
JacksonDatabind_87,JacksonDatabind_87_n5.txt,False,91,1,1,False,False,False,False,False
JacksonDatabind_96,JacksonDatabind_96_n4.txt,False,80,1,1,False,True,False,False,False
JacksonXml_3,JacksonXml_3_n9.txt,False,111,1,1,False,False,False,False,False
JacksonXml_3,JacksonXml_3_n3.txt,False,77,6,1,False,False,False,False,False
JacksonXml_3,JacksonXml_3_n6.txt,True,71,6,1,False,False,False,False,False
JacksonXml_3,JacksonXml_3_n5.txt,False,101,1,1,False,False,False,False,False
JacksonXml_3,JacksonXml_3_n10.txt,False,131,6,1,False,False,False,False,False
JacksonXml_3,JacksonXml_3_n1.txt,False,88,1,1,False,False,False,False,False
JacksonXml_3,JacksonXml_3_n4.txt,True,72,6,1,False,False,False,False,False
JacksonXml_3,JacksonXml_3_n8.txt,False,84,6,1,False,False,False,False,False
JacksonXml_3,JacksonXml_3_n7.txt,True,62,1,1,False,False,True,False,False
JacksonXml_3,JacksonXml_3_n2.txt,False,97,6,1,False,False,False,False,False
Jsoup_1,Jsoup_1_n3.txt,True,33,10,10,False,False,True,False,False
Jsoup_11,Jsoup_11_n3.txt,False,58,2,2,False,True,False,False,False
Jsoup_11,Jsoup_11_n2.txt,True,58,2,1,False,True,False,False,False
Jsoup_11,Jsoup_11_n6.txt,True,41,1,1,False,True,False,False,False
Jsoup_11,Jsoup_11_n7.txt,True,75,2,1,False,True,False,False,False
Jsoup_11,Jsoup_11_n9.txt,True,58,2,1,False,True,False,False,False
Jsoup_11,Jsoup_11_n10.txt,True,73,2,1,False,True,False,False,False
Jsoup_11,Jsoup_11_n5.txt,True,41,1,1,False,True,False,False,False
Jsoup_10,Jsoup_10_n8.txt,True,57,1,1,False,False,False,False,False
Jsoup_10,Jsoup_10_n6.txt,False,57,7,1,False,False,False,False,False
Jsoup_10,Jsoup_10_n9.txt,False,71,1,1,False,False,False,False,False
Jsoup_10,Jsoup_10_n1.txt,False,59,7,1,False,False,False,False,False
Jsoup_10,Jsoup_10_n4.txt,False,56,7,1,False,False,False,False,False
Jsoup_10,Jsoup_10_n7.txt,False,107,1,1,False,False,False,False,False
Jsoup_10,Jsoup_10_n3.txt,False,56,7,1,False,False,False,False,False
Jsoup_10,Jsoup_10_n2.txt,False,58,7,1,False,False,False,False,False
Jsoup_10,Jsoup_10_n10.txt,False,56,7,1,False,False,False,False,False
Jsoup_10,Jsoup_10_n5.txt,False,56,7,1,False,False,False,False,False
Jsoup_15,Jsoup_15_n9.txt,True,165,5,1,False,False,False,False,False
Jsoup_15,Jsoup_15_n4.txt,False,121,1,1,False,False,False,False,False
Jsoup_15,Jsoup_15_n3.txt,False,165,5,1,False,False,False,False,False
Jsoup_15,Jsoup_15_n8.txt,False,168,5,1,False,False,False,False,False
Jsoup_15,Jsoup_15_n5.txt,False,155,5,1,False,False,False,False,False
Jsoup_15,Jsoup_15_n2.txt,False,183,5,1,False,False,False,False,False
JacksonDatabind_95,JacksonDatabind_95_n10.txt,True,113,1,1,True,False,False,False,False
JacksonDatabind_95,JacksonDatabind_95_n4.txt,True,126,1,1,True,True,False,False,False
Jsoup_16,Jsoup_16_n1.txt,False,90,2,1,False,False,False,False,False
Jsoup_16,Jsoup_16_n5.txt,False,50,2,1,False,False,False,False,False
Jsoup_13,Jsoup_13_n1.txt,True,49,1,1,False,False,False,False,False
Jsoup_14,Jsoup_14_n1.txt,True,60,7,5,False,False,False,False,False
Jsoup_14,Jsoup_14_n2.txt,True,58,2,1,False,False,False,False,False
Jsoup_14,Jsoup_14_n6.txt,True,58,2,1,False,False,False,False,False
Jsoup_14,Jsoup_14_n5.txt,True,61,7,1,False,False,False,False,False
Jsoup_14,Jsoup_14_n8.txt,True,60,7,1,False,False,False,False,False
Jsoup_14,Jsoup_14_n10.txt,True,49,1,1,False,True,False,False,False
Jsoup_17,Jsoup_17_n10.txt,True,37,5,4,False,False,False,False,False
Jsoup_17,Jsoup_17_n8.txt,True,52,3,1,False,True,False,False,False
Jsoup_17,Jsoup_17_n2.txt,False,68,3,1,False,True,False,False,False
Jsoup_17,Jsoup_17_n1.txt,True,44,5,1,False,False,False,False,False
Jsoup_17,Jsoup_17_n9.txt,True,50,3,1,False,True,False,False,False
Jsoup_18,Jsoup_18_n4.txt,False,75,5,2,False,False,False,False,False
Jsoup_18,Jsoup_18_n2.txt,False,77,5,1,False,False,False,False,False
Jsoup_18,Jsoup_18_n3.txt,False,75,5,1,False,False,False,False,False
Jsoup_18,Jsoup_18_n1.txt,False,75,5,1,False,False,False,False,False
Jsoup_2,Jsoup_2_n8.txt,True,73,6,1,False,False,False,False,False
Jsoup_2,Jsoup_2_n5.txt,True,63,6,1,False,False,False,False,False
Jsoup_2,Jsoup_2_n6.txt,False,53,6,1,False,False,False,False,False
Jsoup_2,Jsoup_2_n10.txt,True,67,6,1,False,False,False,False,False
Jsoup_2,Jsoup_2_n1.txt,False,53,6,1,False,False,False,False,False
Jsoup_2,Jsoup_2_n7.txt,True,73,6,1,False,False,False,False,False
Jsoup_19,Jsoup_19_n7.txt,False,38,8,1,False,False,False,False,False
Jsoup_19,Jsoup_19_n3.txt,False,105,8,1,False,False,False,False,False
Jsoup_19,Jsoup_19_n4.txt,False,38,8,1,False,False,False,False,False
Jsoup_19,Jsoup_19_n2.txt,False,38,8,1,False,False,False,False,False
Jsoup_19,Jsoup_19_n8.txt,False,48,8,1,False,False,False,False,False
Jsoup_19,Jsoup_19_n10.txt,False,38,8,1,False,False,False,False,False
Jsoup_19,Jsoup_19_n6.txt,False,75,1,1,False,False,False,False,False
Jsoup_19,Jsoup_19_n5.txt,False,38,8,1,False,False,False,False,False
Jsoup_19,Jsoup_19_n9.txt,False,38,8,1,False,False,False,False,False
Jsoup_24,Jsoup_24_n10.txt,False,56,1,1,False,False,False,False,False
Jsoup_21,Jsoup_21_n10.txt,False,54,3,1,True,False,False,False,True
Jsoup_21,Jsoup_21_n9.txt,False,54,3,1,True,False,False,False,True
Jsoup_21,Jsoup_21_n3.txt,False,80,1,1,True,True,False,True,False
Jsoup_21,Jsoup_21_n1.txt,False,54,3,1,True,False,False,False,True
Jsoup_20,Jsoup_20_n2.txt,False,51,1,1,False,True,False,False,False
Jsoup_20,Jsoup_20_n3.txt,False,50,1,1,False,False,False,False,False
Jsoup_23,Jsoup_23_n8.txt,True,47,4,4,False,False,False,False,False
Jsoup_23,Jsoup_23_n1.txt,True,47,6,6,False,False,False,False,False
Jsoup_25,Jsoup_25_n5.txt,False,55,6,1,False,False,False,False,False
Jsoup_25,Jsoup_25_n7.txt,False,47,1,1,False,False,False,False,False
Jsoup_25,Jsoup_25_n10.txt,True,75,6,1,False,False,False,False,False
Jsoup_25,Jsoup_25_n4.txt,False,55,6,1,False,False,False,False,False
Jsoup_25,Jsoup_25_n8.txt,False,47,1,1,False,False,False,False,False
Jsoup_25,Jsoup_25_n1.txt,False,55,6,1,False,False,False,False,False
Jsoup_25,Jsoup_25_n9.txt,False,47,1,1,False,False,False,False,False
Jsoup_25,Jsoup_25_n6.txt,False,55,6,1,False,False,False,False,False
Jsoup_25,Jsoup_25_n3.txt,False,47,1,1,False,False,False,False,False
Jsoup_25,Jsoup_25_n2.txt,False,55,6,1,False,False,False,False,False
Jsoup_26,Jsoup_26_n6.txt,True,69,9,1,True,True,False,False,False
Jsoup_26,Jsoup_26_n8.txt,True,72,9,1,True,True,False,False,False
Jsoup_26,Jsoup_26_n3.txt,True,52,9,1,True,True,False,False,False
Jsoup_26,Jsoup_26_n7.txt,True,60,9,1,True,True,False,False,False
Jsoup_26,Jsoup_26_n1.txt,True,44,9,1,True,True,False,False,False
Jsoup_26,Jsoup_26_n10.txt,True,44,9,1,True,True,False,False,False
Jsoup_26,Jsoup_26_n2.txt,True,44,9,1,True,True,False,False,False
Jsoup_26,Jsoup_26_n5.txt,True,44,9,1,True,True,False,False,False
Jsoup_26,Jsoup_26_n4.txt,True,52,9,1,True,True,False,False,False
Jsoup_28,Jsoup_28_n6.txt,False,38,4,1,False,False,False,False,False
Jsoup_28,Jsoup_28_n9.txt,False,39,1,1,False,False,False,False,False
Jsoup_28,Jsoup_28_n8.txt,False,37,2,1,False,False,False,False,False
Jsoup_28,Jsoup_28_n5.txt,False,50,4,1,False,False,False,False,False
Jsoup_28,Jsoup_28_n7.txt,False,33,2,1,False,False,False,False,False
Jsoup_28,Jsoup_28_n4.txt,False,42,4,1,False,False,False,False,False
Jsoup_28,Jsoup_28_n2.txt,False,42,4,1,False,False,False,False,False
Jsoup_29,Jsoup_29_n1.txt,False,39,10,2,False,False,False,False,False
Jsoup_29,Jsoup_29_n8.txt,False,49,10,3,False,False,False,False,False
Jsoup_29,Jsoup_29_n7.txt,False,44,10,3,False,False,False,False,False
Jsoup_29,Jsoup_29_n10.txt,False,44,10,1,False,False,False,False,False
Jsoup_29,Jsoup_29_n3.txt,False,44,10,1,False,False,False,False,False
Jsoup_33,Jsoup_33_n5.txt,True,83,1,1,False,True,False,False,False
Jsoup_33,Jsoup_33_n1.txt,True,93,1,1,False,False,False,False,False
Jsoup_31,Jsoup_31_n6.txt,False,74,8,1,False,False,False,False,False
Jsoup_31,Jsoup_31_n9.txt,False,59,8,3,False,False,False,False,False
Jsoup_31,Jsoup_31_n1.txt,False,49,8,1,False,False,False,False,False
Jsoup_31,Jsoup_31_n7.txt,False,49,8,1,False,False,False,False,False
Jsoup_31,Jsoup_31_n8.txt,False,74,8,1,False,False,False,False,False
Jsoup_31,Jsoup_31_n4.txt,False,57,1,1,False,False,True,False,False
Jsoup_31,Jsoup_31_n5.txt,False,59,8,1,False,False,False,False,False
Jsoup_31,Jsoup_31_n10.txt,False,57,1,1,False,False,True,False,False
Jsoup_34,Jsoup_34_n2.txt,False,40,4,2,True,False,False,False,True
Jsoup_34,Jsoup_34_n9.txt,False,34,1,1,True,False,False,False,True
Jsoup_34,Jsoup_34_n10.txt,False,34,4,1,True,False,False,False,True
Jsoup_34,Jsoup_34_n4.txt,False,34,1,1,True,False,False,False,True
Jsoup_34,Jsoup_34_n8.txt,False,56,4,1,True,False,False,False,True
Jsoup_35,Jsoup_35_n2.txt,True,107,8,1,True,False,False,False,False
Jsoup_35,Jsoup_35_n1.txt,True,106,8,1,True,False,False,False,False
Jsoup_35,Jsoup_35_n9.txt,True,94,8,1,True,False,False,False,False
Jsoup_35,Jsoup_35_n6.txt,False,98,2,1,True,False,False,False,False
Jsoup_35,Jsoup_35_n5.txt,False,94,2,1,True,False,False,False,False
Jsoup_35,Jsoup_35_n4.txt,True,105,8,1,True,False,False,False,False
Jsoup_35,Jsoup_35_n10.txt,True,105,8,4,True,False,False,False,False
Jsoup_37,Jsoup_37_n9.txt,False,64,2,1,False,False,False,False,False
Jsoup_37,Jsoup_37_n2.txt,False,57,2,1,False,False,False,False,False
Jsoup_37,Jsoup_37_n8.txt,False,42,1,1,False,False,False,False,False
Jsoup_37,Jsoup_37_n3.txt,False,42,1,1,False,False,False,False,False
Jsoup_37,Jsoup_37_n1.txt,False,47,1,1,False,False,False,False,False
Jsoup_37,Jsoup_37_n7.txt,False,60,2,1,False,False,False,False,False
Jsoup_37,Jsoup_37_n6.txt,False,47,1,1,False,False,False,False,False
Jsoup_37,Jsoup_37_n10.txt,False,47,1,1,False,False,False,False,False
Jsoup_37,Jsoup_37_n4.txt,False,47,1,1,False,False,False,False,False
Jsoup_37,Jsoup_37_n5.txt,False,66,2,1,False,False,False,False,False
Jsoup_39,Jsoup_39_n8.txt,False,47,9,1,False,True,False,False,False
Jsoup_39,Jsoup_39_n2.txt,False,74,9,1,False,True,False,False,False
Jsoup_39,Jsoup_39_n9.txt,False,73,9,1,False,True,False,False,False
Jsoup_39,Jsoup_39_n3.txt,False,91,9,1,False,True,False,False,False
Jsoup_39,Jsoup_39_n4.txt,False,77,9,1,False,True,False,False,False
Jsoup_39,Jsoup_39_n10.txt,False,110,9,1,False,True,False,False,False
Jsoup_39,Jsoup_39_n1.txt,False,69,9,1,False,True,False,False,False
Jsoup_39,Jsoup_39_n7.txt,False,74,9,1,False,True,False,False,False
Jsoup_39,Jsoup_39_n5.txt,False,88,9,1,False,True,False,False,False
Jsoup_38,Jsoup_38_n1.txt,True,52,9,5,False,False,False,False,False
Jsoup_38,Jsoup_38_n5.txt,True,55,9,1,False,False,False,False,False
Jsoup_38,Jsoup_38_n10.txt,True,52,9,2,False,False,False,False,False
Jsoup_38,Jsoup_38_n9.txt,True,55,9,1,False,False,False,False,False
Jsoup_38,Jsoup_38_n4.txt,True,47,1,1,False,True,False,False,False
Jsoup_4,Jsoup_4_n6.txt,True,25,10,10,False,False,True,False,False
Jsoup_40,Jsoup_40_n9.txt,True,14,6,6,True,True,False,True,False
Jsoup_42,Jsoup_42_n8.txt,True,77,2,1,False,False,True,False,False
Jsoup_42,Jsoup_42_n4.txt,True,87,5,2,False,False,False,False,False
Jsoup_42,Jsoup_42_n2.txt,True,98,5,1,False,False,False,False,False
Jsoup_42,Jsoup_42_n3.txt,True,125,5,1,False,False,False,False,False
Jsoup_42,Jsoup_42_n1.txt,True,119,1,1,False,False,False,False,False
Jsoup_42,Jsoup_42_n10.txt,True,133,5,1,False,False,False,False,False
Jsoup_42,Jsoup_42_n5.txt,True,397,1,1,False,False,False,False,False
Jsoup_42,Jsoup_42_n6.txt,True,71,2,1,False,False,True,False,False
Jsoup_43,Jsoup_43_n3.txt,False,266,1,1,False,False,False,False,False
Jsoup_44,Jsoup_44_n8.txt,False,110,1,1,False,False,False,False,False
Jsoup_44,Jsoup_44_n2.txt,False,87,1,1,False,True,False,False,False
Jsoup_44,Jsoup_44_n9.txt,True,93,4,4,False,False,False,False,False
Jsoup_49,Jsoup_49_n3.txt,True,167,2,2,False,False,True,False,False
Jsoup_5,Jsoup_5_n4.txt,True,20,10,8,True,True,False,True,False
Jsoup_5,Jsoup_5_n6.txt,True,23,10,2,True,True,False,True,False
Jsoup_47,Jsoup_47_n8.txt,False,50,1,1,False,False,False,False,False
Jsoup_51,Jsoup_51_n5.txt,True,62,1,1,False,False,False,False,False
Jsoup_51,Jsoup_51_n6.txt,True,126,1,1,False,False,False,False,False
Jsoup_51,Jsoup_51_n10.txt,False,103,1,1,False,False,False,False,False
Jsoup_51,Jsoup_51_n7.txt,True,60,4,1,False,False,False,False,False
Jsoup_51,Jsoup_51_n8.txt,True,62,4,1,False,False,False,False,False
Jsoup_51,Jsoup_51_n9.txt,True,113,1,1,False,False,False,False,False
Jsoup_51,Jsoup_51_n2.txt,True,62,4,1,False,False,False,False,False
Jsoup_51,Jsoup_51_n1.txt,True,133,1,1,False,False,False,False,False
Jsoup_51,Jsoup_51_n4.txt,True,71,4,1,False,False,False,False,False
Jsoup_51,Jsoup_51_n3.txt,False,84,1,1,False,False,True,False,False
Jsoup_52,Jsoup_52_n3.txt,False,52,5,4,False,True,False,False,False
Jsoup_52,Jsoup_52_n2.txt,False,52,5,1,False,True,False,False,False
Jsoup_52,Jsoup_52_n1.txt,False,47,3,1,False,False,True,False,False
Jsoup_52,Jsoup_52_n6.txt,False,73,1,1,False,False,False,False,False
Jsoup_52,Jsoup_52_n5.txt,False,75,1,1,False,False,False,False,False
Jsoup_52,Jsoup_52_n4.txt,False,47,3,1,False,False,True,False,False
Jsoup_52,Jsoup_52_n9.txt,False,52,3,1,False,False,True,False,False
Jsoup_55,Jsoup_55_n7.txt,True,58,3,1,False,False,False,False,False
Jsoup_55,Jsoup_55_n9.txt,True,73,3,1,False,False,False,False,False
Jsoup_55,Jsoup_55_n4.txt,True,68,3,1,False,False,False,False,False
Jsoup_57,Jsoup_57_n7.txt,False,72,3,1,True,True,False,False,False
Jsoup_57,Jsoup_57_n8.txt,False,67,3,1,True,True,False,False,True
Jsoup_57,Jsoup_57_n9.txt,False,61,1,1,True,True,False,True,False
Jsoup_57,Jsoup_57_n5.txt,False,72,3,1,True,True,False,False,False
Jsoup_56,Jsoup_56_n9.txt,True,54,3,2,False,False,False,False,False
Jsoup_56,Jsoup_56_n2.txt,True,56,3,1,False,False,False,False,False
Jsoup_60,Jsoup_60_n5.txt,False,277,1,1,False,False,False,False,False
Jsoup_60,Jsoup_60_n9.txt,False,116,4,1,False,False,False,False,False
Jsoup_60,Jsoup_60_n1.txt,False,229,4,1,False,False,False,False,False
Jsoup_60,Jsoup_60_n3.txt,False,111,4,1,False,False,False,False,False
Jsoup_60,Jsoup_60_n2.txt,False,161,2,1,False,False,False,False,False
Jsoup_60,Jsoup_60_n7.txt,False,94,4,1,False,False,False,False,False
Jsoup_60,Jsoup_60_n4.txt,False,48,2,1,False,False,False,False,False
Jsoup_60,Jsoup_60_n8.txt,False,154,1,1,False,False,False,False,False
Jsoup_58,Jsoup_58_n9.txt,True,57,5,3,False,False,False,False,False
Jsoup_58,Jsoup_58_n6.txt,True,36,3,1,False,False,True,False,False
Jsoup_58,Jsoup_58_n7.txt,True,58,5,1,False,False,False,False,False
Jsoup_58,Jsoup_58_n1.txt,True,63,3,1,False,False,True,False,False
Jsoup_58,Jsoup_58_n8.txt,True,29,5,1,False,False,False,False,False
Jsoup_58,Jsoup_58_n3.txt,True,32,3,1,False,False,True,False,False
Jsoup_58,Jsoup_58_n10.txt,True,65,1,1,False,False,False,False,False
Jsoup_59,Jsoup_59_n10.txt,False,54,1,1,True,False,False,False,True
Jsoup_59,Jsoup_59_n9.txt,False,48,1,1,True,False,False,False,False
Jsoup_59,Jsoup_59_n2.txt,False,58,1,1,True,False,False,False,True
Jsoup_61,Jsoup_61_n2.txt,True,105,2,1,False,False,False,False,False
Jsoup_61,Jsoup_61_n5.txt,False,209,1,1,False,False,False,False,False
Jsoup_61,Jsoup_61_n7.txt,True,84,1,1,False,False,False,False,False
Jsoup_61,Jsoup_61_n3.txt,True,97,1,1,False,False,False,False,False
Jsoup_61,Jsoup_61_n10.txt,True,137,1,1,False,False,False,False,False
Jsoup_61,Jsoup_61_n8.txt,True,124,2,1,False,False,False,False,False
Jsoup_62,Jsoup_62_n6.txt,False,124,5,1,False,False,False,False,False
Jsoup_62,Jsoup_62_n4.txt,True,124,5,3,False,False,False,False,False
Jsoup_62,Jsoup_62_n3.txt,True,207,5,1,False,False,False,False,False
Jsoup_62,Jsoup_62_n5.txt,False,101,2,1,False,False,False,False,False
Jsoup_62,Jsoup_62_n1.txt,False,95,2,1,False,False,False,False,False
Jsoup_64,Jsoup_64_n5.txt,True,63,5,3,False,False,False,False,False
Jsoup_64,Jsoup_64_n1.txt,True,53,5,1,False,False,False,False,False
Jsoup_64,Jsoup_64_n8.txt,True,67,5,1,False,False,False,False,False
Jsoup_64,Jsoup_64_n6.txt,True,40,3,1,False,False,False,False,False
Jsoup_64,Jsoup_64_n7.txt,True,38,3,1,False,False,False,False,False
Jsoup_64,Jsoup_64_n10.txt,False,60,2,1,False,False,False,False,False
Jsoup_64,Jsoup_64_n9.txt,True,40,3,1,False,False,False,False,False
Jsoup_64,Jsoup_64_n4.txt,False,159,2,1,False,False,False,False,False
Jsoup_65,Jsoup_65_n6.txt,True,239,3,2,False,False,True,False,False
Jsoup_65,Jsoup_65_n10.txt,False,125,4,1,False,False,False,False,False
Jsoup_65,Jsoup_65_n2.txt,True,98,4,1,False,False,False,False,False
Jsoup_65,Jsoup_65_n7.txt,True,130,4,1,False,False,False,False,False
Jsoup_65,Jsoup_65_n3.txt,True,81,1,1,False,True,False,False,False
Jsoup_65,Jsoup_65_n4.txt,True,112,3,1,False,False,True,False,False
Jsoup_65,Jsoup_65_n8.txt,True,115,4,1,False,False,False,False,False
Jsoup_68,Jsoup_68_n1.txt,False,58,1,1,True,False,False,False,False
Jsoup_68,Jsoup_68_n10.txt,True,76,1,1,True,False,False,False,False
Jsoup_68,Jsoup_68_n3.txt,False,25,1,1,True,True,False,False,False
Jsoup_68,Jsoup_68_n2.txt,False,12,1,1,True,False,False,False,False
Jsoup_66,Jsoup_66_n4.txt,True,113,1,1,False,True,False,False,False
Jsoup_66,Jsoup_66_n7.txt,True,81,1,1,False,False,False,False,False
Jsoup_66,Jsoup_66_n10.txt,True,127,1,1,False,False,False,False,False
Jsoup_66,Jsoup_66_n8.txt,True,79,1,1,False,False,False,False,False
Jsoup_66,Jsoup_66_n5.txt,True,88,3,2,False,False,False,False,False
Jsoup_66,Jsoup_66_n2.txt,True,81,1,1,False,False,False,False,False
Jsoup_66,Jsoup_66_n3.txt,True,88,3,1,False,False,False,False,False
Jsoup_7,Jsoup_7_n3.txt,False,83,6,1,False,False,False,False,False
Jsoup_7,Jsoup_7_n1.txt,False,88,6,1,False,False,False,False,False
Jsoup_7,Jsoup_7_n8.txt,False,96,1,1,False,False,False,False,False
Jsoup_7,Jsoup_7_n5.txt,True,99,6,1,False,False,False,False,False
Jsoup_7,Jsoup_7_n9.txt,True,69,6,1,False,False,False,False,False
Jsoup_7,Jsoup_7_n6.txt,False,145,1,1,False,False,False,False,False
Jsoup_7,Jsoup_7_n10.txt,False,107,1,1,False,False,False,False,False
Jsoup_7,Jsoup_7_n2.txt,False,90,1,1,False,False,False,False,False
Jsoup_7,Jsoup_7_n7.txt,True,60,6,1,False,False,False,False,False
Jsoup_7,Jsoup_7_n4.txt,False,101,6,1,False,False,False,False,False
Jsoup_69,Jsoup_69_n1.txt,True,125,1,1,True,False,False,False,False
Jsoup_69,Jsoup_69_n9.txt,True,125,5,1,True,False,False,False,False
Jsoup_69,Jsoup_69_n4.txt,True,92,2,1,True,False,False,False,False
Jsoup_69,Jsoup_69_n6.txt,True,125,5,1,True,False,False,False,False
Jsoup_69,Jsoup_69_n3.txt,True,114,5,1,True,False,False,False,False
Jsoup_69,Jsoup_69_n8.txt,True,114,5,1,True,False,False,False,False
Jsoup_69,Jsoup_69_n7.txt,True,119,5,1,True,False,False,False,False
Jsoup_69,Jsoup_69_n10.txt,True,117,2,1,True,False,False,False,False
Jsoup_67,Jsoup_67_n6.txt,False,158,1,1,True,False,False,False,False
Jsoup_70,Jsoup_70_n1.txt,True,61,7,1,False,False,False,False,False
Jsoup_70,Jsoup_70_n10.txt,True,61,7,1,False,False,False,False,False
Jsoup_70,Jsoup_70_n3.txt,False,61,7,1,False,False,False,False,False
Jsoup_70,Jsoup_70_n8.txt,True,69,1,1,False,False,False,False,False
Jsoup_70,Jsoup_70_n9.txt,True,71,7,1,False,False,False,False,False
Jsoup_70,Jsoup_70_n2.txt,True,56,7,1,False,False,False,False,False
Jsoup_70,Jsoup_70_n6.txt,True,66,7,1,False,False,False,False,False
Jsoup_70,Jsoup_70_n5.txt,True,66,7,1,False,False,False,False,False
Jsoup_71,Jsoup_71_n3.txt,False,82,6,1,False,True,False,False,False
Jsoup_71,Jsoup_71_n9.txt,False,58,6,1,False,True,False,False,False
Jsoup_71,Jsoup_71_n7.txt,False,59,6,1,False,True,False,False,False
Jsoup_71,Jsoup_71_n8.txt,False,48,6,1,False,True,False,False,False
Jsoup_71,Jsoup_71_n2.txt,False,60,6,1,False,True,False,False,False
Jsoup_71,Jsoup_71_n1.txt,False,155,1,1,False,False,False,False,False
Jsoup_71,Jsoup_71_n5.txt,False,72,6,1,False,True,False,False,False
Jsoup_71,Jsoup_71_n10.txt,False,169,1,1,False,False,False,False,False
Jsoup_73,Jsoup_73_n1.txt,False,98,3,1,False,False,False,False,False
Jsoup_73,Jsoup_73_n6.txt,False,104,3,1,False,False,False,False,False
Jsoup_73,Jsoup_73_n9.txt,False,110,3,1,False,False,False,False,False
Jsoup_72,Jsoup_72_n6.txt,False,27,10,8,True,True,False,False,False
Jsoup_72,Jsoup_72_n10.txt,False,27,10,2,True,True,False,False,False
Jsoup_74,Jsoup_74_n7.txt,False,42,7,7,False,False,False,False,False
Jsoup_74,Jsoup_74_n9.txt,True,42,3,3,False,False,False,False,False
Jsoup_8,Jsoup_8_n6.txt,False,76,1,1,True,False,False,False,False
Jsoup_75,Jsoup_75_n8.txt,True,32,1,1,False,False,False,False,False
Jsoup_75,Jsoup_75_n7.txt,False,28,6,3,False,False,True,False,False
Jsoup_75,Jsoup_75_n9.txt,False,28,3,3,False,False,True,False,False
Jsoup_75,Jsoup_75_n2.txt,False,48,6,2,False,False,True,False,False
Jsoup_75,Jsoup_75_n1.txt,False,28,6,1,False,False,True,False,False
Jsoup_78,Jsoup_78_n2.txt,False,71,1,1,True,False,False,False,True
Jsoup_78,Jsoup_78_n7.txt,False,63,1,1,True,False,False,False,True
Jsoup_78,Jsoup_78_n9.txt,False,49,1,1,True,False,False,False,True
Jsoup_78,Jsoup_78_n3.txt,False,60,1,1,True,False,False,False,True
Jsoup_76,Jsoup_76_n7.txt,True,56,3,1,False,False,False,False,False
Jsoup_76,Jsoup_76_n5.txt,False,235,3,1,False,False,False,False,False
Jsoup_76,Jsoup_76_n6.txt,True,55,3,1,False,False,False,False,False
Jsoup_76,Jsoup_76_n4.txt,False,75,1,1,False,False,True,False,False
Jsoup_76,Jsoup_76_n3.txt,False,58,1,1,False,False,True,False,False
Jsoup_79,Jsoup_79_n5.txt,True,61,3,1,True,True,False,True,False
Jsoup_79,Jsoup_79_n7.txt,True,63,3,1,True,True,False,True,False
Jsoup_79,Jsoup_79_n9.txt,False,82,3,1,True,True,False,True,True
Jsoup_77,Jsoup_77_n9.txt,True,48,10,10,False,False,True,False,False
Jsoup_80,Jsoup_80_n7.txt,True,35,10,6,True,True,False,True,False
Jsoup_80,Jsoup_80_n1.txt,True,30,10,4,True,True,False,True,False
Jsoup_81,Jsoup_81_n1.txt,True,72,9,1,False,False,True,False,False
Jsoup_81,Jsoup_81_n2.txt,True,67,9,3,False,False,True,False,False
Jsoup_81,Jsoup_81_n9.txt,True,72,9,1,False,False,True,False,False
Jsoup_81,Jsoup_81_n8.txt,True,67,9,1,False,False,True,False,False
Jsoup_81,Jsoup_81_n10.txt,True,67,9,3,False,False,True,False,False
Jsoup_82,Jsoup_82_n1.txt,False,48,4,4,True,False,False,False,True
Jsoup_82,Jsoup_82_n6.txt,False,48,1,1,True,False,False,False,True
Jsoup_82,Jsoup_82_n10.txt,False,62,1,1,True,False,False,False,True
Jsoup_82,Jsoup_82_n2.txt,False,62,1,1,True,False,False,False,True
Jsoup_82,Jsoup_82_n7.txt,False,48,2,2,True,False,False,False,True
Jsoup_83,Jsoup_83_n5.txt,True,54,1,1,False,False,False,False,False
Jsoup_83,Jsoup_83_n6.txt,True,52,8,7,False,False,False,False,False
Jsoup_83,Jsoup_83_n4.txt,True,56,8,1,False,False,False,False,False
Jsoup_83,Jsoup_83_n7.txt,True,54,1,1,False,False,False,False,False
Jsoup_9,Jsoup_9_n3.txt,True,29,1,1,False,False,False,False,False
Jsoup_9,Jsoup_9_n2.txt,True,29,1,1,False,False,False,False,False
Jsoup_85,Jsoup_85_n6.txt,True,59,1,1,False,False,False,False,False
Jsoup_85,Jsoup_85_n5.txt,False,47,1,1,False,False,False,False,False
Jsoup_85,Jsoup_85_n7.txt,False,47,2,1,False,False,False,False,False
Jsoup_85,Jsoup_85_n2.txt,False,53,1,1,False,False,False,False,False
Jsoup_85,Jsoup_85_n10.txt,False,47,2,1,False,False,False,False,False
Jsoup_89,Jsoup_89_n5.txt,True,25,2,1,False,True,False,False,False
Jsoup_89,Jsoup_89_n3.txt,False,30,1,1,False,True,False,False,False
Jsoup_89,Jsoup_89_n9.txt,True,45,2,1,False,True,False,False,False
Jsoup_86,Jsoup_86_n8.txt,False,44,3,1,True,False,False,False,True
Jsoup_86,Jsoup_86_n6.txt,False,44,3,1,True,False,False,False,True
Jsoup_86,Jsoup_86_n10.txt,False,42,3,1,True,False,False,False,True
Jsoup_88,Jsoup_88_n8.txt,True,59,10,8,False,False,True,False,False
Jsoup_88,Jsoup_88_n4.txt,True,70,10,2,False,False,True,False,False
Jsoup_93,Jsoup_93_n10.txt,False,64,1,1,False,False,False,False,False
Jsoup_92,Jsoup_92_n2.txt,True,48,5,2,False,False,False,False,False
Jsoup_92,Jsoup_92_n9.txt,True,43,1,1,False,False,False,False,False
Jsoup_92,Jsoup_92_n10.txt,True,48,1,1,False,False,False,False,False
Jsoup_92,Jsoup_92_n1.txt,True,50,5,1,False,False,False,False,False
Jsoup_92,Jsoup_92_n5.txt,False,60,1,1,False,False,False,False,False
Jsoup_92,Jsoup_92_n7.txt,True,48,1,1,False,False,False,False,False
Jsoup_92,Jsoup_92_n8.txt,True,48,5,2,False,False,False,False,False
JxPath_14,JxPath_14_n8.txt,True,142,6,6,False,False,False,False,False
JxPath_5,JxPath_5_n6.txt,False,69,2,2,True,True,False,False,True
JxPath_5,JxPath_5_n1.txt,False,65,4,1,True,True,False,True,True
JxPath_5,JxPath_5_n10.txt,False,65,4,2,True,True,False,True,True
JxPath_5,JxPath_5_n2.txt,False,65,4,1,True,True,False,True,True
JxPath_21,JxPath_21_n10.txt,True,140,4,3,False,False,False,False,False
JxPath_21,JxPath_21_n3.txt,False,152,2,1,False,False,False,False,False
JxPath_21,JxPath_21_n7.txt,False,152,4,1,False,False,False,False,False
JxPath_21,JxPath_21_n8.txt,False,152,2,1,False,False,False,False,False
JxPath_6,JxPath_6_n3.txt,False,38,1,1,False,False,False,False,False
JxPath_9,JxPath_9_n8.txt,False,25,3,3,False,False,False,False,False
JxPath_8,JxPath_8_n4.txt,False,18,7,4,False,False,False,False,False
JxPath_8,JxPath_8_n7.txt,False,25,7,3,False,False,False,False,False
Lang_10,Lang_10_n8.txt,True,48,1,1,False,False,False,False,False
Lang_10,Lang_10_n1.txt,True,72,1,1,False,False,False,False,False
Lang_10,Lang_10_n5.txt,False,77,1,1,False,False,False,False,False
Lang_15,Lang_15_n1.txt,True,116,1,1,False,True,False,False,False
Lang_11,Lang_11_n10.txt,False,29,1,1,True,False,False,False,False
Lang_11,Lang_11_n8.txt,False,29,1,1,True,False,False,False,False
Lang_11,Lang_11_n5.txt,False,29,3,1,True,False,False,False,False
Lang_11,Lang_11_n9.txt,False,56,1,1,True,False,False,False,False
Lang_11,Lang_11_n3.txt,False,43,3,1,True,False,False,False,False
Lang_11,Lang_11_n4.txt,False,29,1,1,True,False,False,False,False
Lang_11,Lang_11_n1.txt,False,43,3,1,True,False,False,False,False
Lang_12,Lang_12_n9.txt,False,100,1,1,True,False,False,False,True
Lang_13,Lang_13_n1.txt,True,37,10,10,True,True,False,False,False
Lang_14,Lang_14_n7.txt,True,160,4,1,False,False,False,False,False
Lang_14,Lang_14_n8.txt,True,192,4,1,False,False,False,False,False
Lang_14,Lang_14_n6.txt,False,234,4,1,False,False,False,False,False
Lang_14,Lang_14_n10.txt,True,196,4,1,False,False,False,False,False
Lang_17,Lang_17_n5.txt,True,31,7,6,False,False,False,False,False
Lang_17,Lang_17_n4.txt,True,33,7,1,False,False,False,False,False
Lang_16,Lang_16_n1.txt,False,77,1,1,True,True,False,True,False
Lang_19,Lang_19_n10.txt,True,14,10,10,True,True,False,True,False
Lang_21,Lang_21_n3.txt,False,51,1,1,False,False,False,False,False
Lang_20,Lang_20_n1.txt,True,42,6,1,True,True,False,False,False
Lang_20,Lang_20_n7.txt,True,44,6,2,True,True,False,False,False
Lang_20,Lang_20_n6.txt,True,46,6,1,True,True,False,False,False
Lang_20,Lang_20_n10.txt,True,46,6,1,True,True,False,False,False
Lang_20,Lang_20_n9.txt,True,42,6,1,True,True,False,False,False
Lang_22,Lang_22_n5.txt,True,95,9,5,False,False,False,False,False
Lang_22,Lang_22_n2.txt,True,96,9,1,False,False,False,False,False
Lang_22,Lang_22_n9.txt,False,47,9,2,False,False,False,False,False
Lang_22,Lang_22_n10.txt,False,86,9,1,False,False,False,False,False
Lang_24,Lang_24_n5.txt,True,17,9,9,False,False,False,False,False
Lang_26,Lang_26_n4.txt,True,93,4,1,False,False,True,False,False
Lang_26,Lang_26_n9.txt,True,78,4,2,False,False,True,False,False
Lang_26,Lang_26_n6.txt,True,77,4,1,False,False,True,False,False
Lang_26,Lang_26_n3.txt,True,88,1,1,False,False,False,False,False
Lang_26,Lang_26_n5.txt,True,90,1,1,False,False,False,False,False
Lang_26,Lang_26_n1.txt,True,93,1,1,False,False,False,False,False
Lang_26,Lang_26_n10.txt,True,87,1,1,False,False,False,False,False
Lang_27,Lang_27_n9.txt,True,41,1,1,True,False,False,False,True
Lang_27,Lang_27_n4.txt,True,29,1,1,True,True,False,True,False
Lang_28,Lang_28_n3.txt,False,38,3,2,False,False,False,False,False
Lang_28,Lang_28_n10.txt,False,38,1,1,False,False,False,False,False
Lang_28,Lang_28_n7.txt,False,29,1,1,False,False,False,False,False
Lang_28,Lang_28_n8.txt,False,69,3,1,False,False,False,False,False
Lang_28,Lang_28_n2.txt,False,34,1,1,False,False,False,False,False
Lang_28,Lang_28_n5.txt,False,34,2,1,False,False,False,False,False
Lang_28,Lang_28_n1.txt,False,34,2,2,False,False,False,False,False
Lang_28,Lang_28_n6.txt,False,29,2,1,False,False,False,False,False
Lang_3,Lang_3_n1.txt,False,90,9,1,True,False,False,False,False
Lang_3,Lang_3_n10.txt,True,81,9,1,True,False,False,False,False
Lang_3,Lang_3_n8.txt,True,66,1,1,True,False,False,False,False
Lang_3,Lang_3_n7.txt,True,63,9,2,True,False,False,False,False
Lang_3,Lang_3_n9.txt,True,62,9,1,True,False,False,False,False
Lang_3,Lang_3_n6.txt,False,73,9,1,True,False,False,False,False
Lang_3,Lang_3_n3.txt,True,63,9,1,True,False,False,False,False
Lang_3,Lang_3_n4.txt,False,90,9,1,True,False,False,False,False
Lang_3,Lang_3_n2.txt,False,219,9,1,True,False,False,False,False
Lang_31,Lang_31_n3.txt,True,41,10,10,False,False,False,False,False
Lang_33,Lang_33_n10.txt,True,27,10,4,True,True,False,False,False
Lang_33,Lang_33_n5.txt,True,32,10,2,True,True,False,False,False
Lang_33,Lang_33_n6.txt,True,39,10,2,True,True,False,False,False
Lang_33,Lang_33_n8.txt,True,23,10,1,True,True,False,False,False
Lang_33,Lang_33_n2.txt,True,23,10,1,True,True,False,False,False
Lang_35,Lang_35_n10.txt,True,31,6,2,True,False,False,False,False
Lang_35,Lang_35_n4.txt,True,43,1,1,True,False,False,False,False
Lang_35,Lang_35_n6.txt,True,43,6,3,True,False,False,False,False
Lang_35,Lang_35_n3.txt,True,43,1,1,True,False,False,False,False
Lang_35,Lang_35_n5.txt,True,43,1,1,True,False,False,False,False
Lang_35,Lang_35_n1.txt,True,43,6,1,True,False,False,False,False
Lang_36,Lang_36_n5.txt,True,87,10,1,False,False,False,False,False
Lang_36,Lang_36_n4.txt,False,87,10,1,False,False,False,False,False
Lang_36,Lang_36_n9.txt,False,127,10,1,False,False,False,False,False
Lang_36,Lang_36_n7.txt,True,67,10,1,False,False,False,False,False
Lang_36,Lang_36_n2.txt,False,77,10,1,False,False,False,False,False
Lang_36,Lang_36_n1.txt,False,67,10,1,False,False,False,False,False
Lang_36,Lang_36_n8.txt,True,77,10,1,False,False,False,False,False
Lang_36,Lang_36_n6.txt,True,77,10,1,False,False,False,False,False
Lang_36,Lang_36_n3.txt,False,57,10,1,False,False,False,False,False
Lang_36,Lang_36_n10.txt,False,57,10,1,False,False,False,False,False
Lang_38,Lang_38_n3.txt,True,81,7,6,False,False,False,False,False
Lang_38,Lang_38_n10.txt,False,93,7,1,False,False,False,False,False
Lang_37,Lang_37_n4.txt,False,35,3,1,True,True,False,True,False
Lang_37,Lang_37_n2.txt,False,43,1,1,True,False,False,False,True
Lang_37,Lang_37_n1.txt,False,33,3,1,True,True,False,True,False
Lang_37,Lang_37_n3.txt,False,102,3,1,True,True,False,True,False
Lang_39,Lang_39_n5.txt,False,55,10,10,True,True,False,False,False
Lang_40,Lang_40_n5.txt,False,35,4,1,False,False,False,False,False
Lang_40,Lang_40_n1.txt,False,55,4,1,False,False,False,False,False
Lang_40,Lang_40_n10.txt,False,108,1,1,False,False,False,False,False
Lang_40,Lang_40_n9.txt,False,27,4,2,False,False,False,False,False
Lang_42,Lang_42_n4.txt,True,68,1,1,False,False,True,False,False
Lang_4,Lang_4_n2.txt,True,81,1,1,False,False,True,False,False
Lang_4,Lang_4_n5.txt,True,59,3,1,False,False,True,False,False
Lang_4,Lang_4_n6.txt,False,73,2,2,False,True,False,False,False
Lang_4,Lang_4_n9.txt,True,173,3,1,False,False,True,False,False
Lang_4,Lang_4_n4.txt,True,101,3,1,False,False,True,False,False
Lang_41,Lang_41_n8.txt,True,32,7,1,False,False,True,False,False
Lang_41,Lang_41_n5.txt,True,32,7,3,False,False,True,False,False
Lang_41,Lang_41_n9.txt,False,32,2,1,False,False,True,False,False
Lang_41,Lang_41_n1.txt,False,32,2,1,False,False,True,False,False
Lang_41,Lang_41_n4.txt,True,65,7,1,False,False,True,False,False
Lang_41,Lang_41_n6.txt,True,46,7,2,False,False,True,False,False
Lang_45,Lang_45_n3.txt,False,35,2,1,True,True,False,True,False
Lang_45,Lang_45_n1.txt,True,45,2,1,True,True,False,True,False
Lang_45,Lang_45_n8.txt,False,40,1,1,True,False,False,False,True
Lang_45,Lang_45_n6.txt,False,35,1,1,True,False,False,False,False
Lang_45,Lang_45_n7.txt,True,35,3,1,True,True,False,True,False
Lang_45,Lang_45_n4.txt,True,40,1,1,True,True,False,True,False
Lang_45,Lang_45_n2.txt,False,35,3,2,True,True,False,True,False
Lang_46,Lang_46_n6.txt,True,37,8,1,False,False,False,False,False
Lang_46,Lang_46_n3.txt,True,37,8,3,False,False,False,False,False
Lang_46,Lang_46_n4.txt,True,37,8,1,False,False,False,False,False
Lang_46,Lang_46_n8.txt,True,37,8,2,False,False,False,False,False
Lang_46,Lang_46_n5.txt,True,37,8,1,False,False,False,False,False
Lang_50,Lang_50_n10.txt,False,106,1,1,False,False,False,False,False
Lang_50,Lang_50_n7.txt,False,139,1,1,False,False,False,False,False
Lang_50,Lang_50_n9.txt,False,94,1,1,False,False,False,False,False
Lang_50,Lang_50_n3.txt,False,104,1,1,False,False,False,False,False
Lang_5,Lang_5_n3.txt,True,50,4,3,False,True,False,False,False
Lang_5,Lang_5_n10.txt,False,50,1,1,False,False,False,False,False
Lang_5,Lang_5_n8.txt,True,39,1,1,False,True,False,False,False
Lang_5,Lang_5_n7.txt,False,68,4,1,False,True,False,False,False
Lang_51,Lang_51_n3.txt,True,17,10,10,True,True,False,True,False
Lang_52,Lang_52_n2.txt,False,42,9,5,False,False,False,False,False
Lang_52,Lang_52_n3.txt,True,32,9,1,False,False,False,False,False
Lang_52,Lang_52_n7.txt,False,42,9,3,False,False,False,False,False
Lang_52,Lang_52_n9.txt,False,29,1,1,False,False,True,False,False
Lang_53,Lang_53_n7.txt,False,109,9,1,False,False,False,False,False
Lang_53,Lang_53_n5.txt,True,193,9,1,False,False,False,False,False
Lang_53,Lang_53_n10.txt,False,109,9,1,False,False,False,False,False
Lang_53,Lang_53_n1.txt,False,201,9,1,False,False,False,False,False
Lang_53,Lang_53_n4.txt,False,114,9,1,False,False,False,False,False
Lang_53,Lang_53_n9.txt,True,215,1,1,False,False,True,False,False
Lang_53,Lang_53_n3.txt,False,180,9,1,False,False,False,False,False
Lang_53,Lang_53_n2.txt,False,188,9,1,False,False,False,False,False
Lang_53,Lang_53_n6.txt,False,179,9,1,False,False,False,False,False
Lang_53,Lang_53_n8.txt,False,110,9,1,False,False,False,False,False
Lang_54,Lang_54_n4.txt,True,14,8,6,True,True,False,False,False
Lang_54,Lang_54_n7.txt,True,50,8,2,True,True,False,False,False
Lang_56,Lang_56_n6.txt,True,111,2,1,False,True,False,False,False
Lang_56,Lang_56_n7.txt,True,107,8,3,False,True,False,False,False
Lang_56,Lang_56_n2.txt,True,105,8,1,False,True,False,False,False
Lang_56,Lang_56_n9.txt,False,118,8,1,False,True,False,False,False
Lang_56,Lang_56_n4.txt,False,110,8,1,False,True,False,False,False
Lang_56,Lang_56_n8.txt,False,121,8,1,False,True,False,False,False
Lang_56,Lang_56_n1.txt,True,133,8,1,False,True,False,False,False
Lang_56,Lang_56_n10.txt,True,124,2,1,False,True,False,False,False
Lang_57,Lang_57_n2.txt,True,16,10,2,True,True,False,True,False
Lang_57,Lang_57_n10.txt,True,28,10,1,True,True,False,True,False
Lang_57,Lang_57_n3.txt,True,28,10,1,True,True,False,True,False
Lang_57,Lang_57_n1.txt,True,73,10,1,True,True,False,True,True
Lang_57,Lang_57_n9.txt,True,18,10,1,True,True,False,True,False
Lang_57,Lang_57_n5.txt,True,28,10,1,True,True,False,True,False
Lang_57,Lang_57_n7.txt,True,25,10,1,True,True,False,True,False
Lang_57,Lang_57_n4.txt,True,34,10,1,True,True,False,True,False
Lang_57,Lang_57_n6.txt,True,16,10,1,True,True,False,True,False
Lang_58,Lang_58_n7.txt,True,14,3,3,True,True,False,True,False
Lang_58,Lang_58_n3.txt,False,14,3,3,True,True,False,True,False
Lang_59,Lang_59_n4.txt,False,56,4,1,True,False,False,False,True
Lang_59,Lang_59_n10.txt,False,56,4,1,True,False,False,False,True
Lang_59,Lang_59_n8.txt,False,56,4,1,True,False,False,False,False
Lang_59,Lang_59_n1.txt,False,56,4,1,True,False,False,False,True
Lang_6,Lang_6_n5.txt,True,19,10,2,True,True,False,True,False
Lang_6,Lang_6_n2.txt,True,146,10,1,True,True,False,True,False
Lang_6,Lang_6_n7.txt,True,16,10,2,True,True,False,True,False
Lang_6,Lang_6_n10.txt,True,21,10,1,True,True,False,True,False
Lang_6,Lang_6_n8.txt,True,138,10,1,True,True,False,True,False
Lang_6,Lang_6_n1.txt,True,128,10,1,True,True,False,True,False
Lang_6,Lang_6_n4.txt,True,21,10,1,True,True,False,True,False
Lang_6,Lang_6_n3.txt,False,31,10,1,True,True,False,True,False
Lang_60,Lang_60_n1.txt,False,42,1,1,False,False,False,False,False
Lang_60,Lang_60_n2.txt,False,69,1,1,False,False,False,False,False
Lang_62,Lang_62_n5.txt,True,37,8,5,False,False,False,False,False
Lang_62,Lang_62_n2.txt,True,55,8,3,False,False,False,False,False
Lang_61,Lang_61_n6.txt,True,62,10,6,True,True,False,True,False
Lang_61,Lang_61_n5.txt,True,34,10,1,True,True,False,True,False
Lang_61,Lang_61_n7.txt,True,70,10,3,True,True,False,True,False
Lang_63,Lang_63_n8.txt,False,125,1,1,False,False,False,False,False
Lang_63,Lang_63_n7.txt,False,212,1,1,False,False,False,False,False
Lang_64,Lang_64_n9.txt,False,101,1,1,False,True,False,False,False
Lang_65,Lang_65_n9.txt,True,91,1,1,False,False,False,False,False
Lang_65,Lang_65_n5.txt,True,67,1,1,False,False,False,False,False
Lang_65,Lang_65_n3.txt,False,47,1,1,False,False,False,False,False
Lang_65,Lang_65_n6.txt,False,300,1,1,False,False,False,False,False
Lang_65,Lang_65_n4.txt,True,49,1,1,False,False,False,False,False
Lang_9,Lang_9_n10.txt,False,50,1,1,False,False,False,False,False
Lang_9,Lang_9_n4.txt,False,50,2,2,False,False,False,False,False
Lang_9,Lang_9_n7.txt,False,48,1,1,False,False,False,False,False
Lang_8,Lang_8_n3.txt,True,109,1,1,False,False,False,False,False
Lang_8,Lang_8_n4.txt,True,149,1,1,False,False,False,False,False
Lang_8,Lang_8_n1.txt,False,123,1,1,False,False,False,False,False
Math_101,Math_101_n1.txt,False,53,10,1,True,False,False,False,True
Math_101,Math_101_n10.txt,False,53,10,1,True,False,False,False,True
Math_101,Math_101_n4.txt,False,53,10,1,True,False,False,False,True
Math_101,Math_101_n3.txt,False,53,10,1,True,False,False,False,True
Math_101,Math_101_n8.txt,False,62,10,1,True,False,False,False,True
Math_101,Math_101_n5.txt,False,55,10,1,True,False,False,False,True
Math_101,Math_101_n9.txt,False,48,10,2,True,False,False,False,True
Math_101,Math_101_n7.txt,False,53,10,1,True,False,False,False,True
Math_101,Math_101_n6.txt,False,54,10,1,True,False,False,False,True
Math_102,Math_102_n5.txt,True,67,7,3,False,False,False,False,False
Math_102,Math_102_n4.txt,True,65,1,1,False,False,False,False,False
Math_102,Math_102_n7.txt,True,67,7,4,False,False,False,False,False
Math_102,Math_102_n3.txt,False,67,1,1,False,False,False,False,False
Math_105,Math_105_n8.txt,True,85,5,5,False,False,False,False,False
Math_106,Math_106_n8.txt,True,48,8,5,False,False,False,False,False
Math_106,Math_106_n7.txt,True,104,8,1,False,False,False,False,False
Math_106,Math_106_n3.txt,True,48,8,1,False,False,False,False,False
Math_106,Math_106_n1.txt,True,119,1,1,False,False,False,False,False
Math_106,Math_106_n4.txt,True,48,8,1,False,False,False,False,False
Math_1,Math_1_n7.txt,True,45,10,10,True,True,False,False,False
Math_13,Math_13_n6.txt,False,142,1,1,False,False,False,False,False
Math_13,Math_13_n2.txt,False,190,1,1,False,True,False,False,False
Math_14,Math_14_n10.txt,False,84,1,1,False,False,False,False,False
Math_14,Math_14_n7.txt,False,107,1,1,False,False,False,False,False
Math_14,Math_14_n5.txt,False,76,1,1,False,False,False,False,False
Math_11,Math_11_n6.txt,True,54,8,5,False,False,False,False,False
Math_11,Math_11_n3.txt,True,63,8,1,False,False,False,False,False
Math_11,Math_11_n10.txt,True,82,8,1,False,False,False,False,False
Math_11,Math_11_n1.txt,True,56,8,1,False,False,False,False,False
Math_15,Math_15_n2.txt,True,41,10,4,False,False,True,False,False
Math_15,Math_15_n3.txt,True,41,10,5,False,False,True,False,False
Math_15,Math_15_n4.txt,True,41,10,1,False,False,True,False,False
Math_18,Math_18_n6.txt,False,136,1,1,False,True,False,False,False
Math_16,Math_16_n10.txt,True,45,7,2,True,False,False,False,False
Math_16,Math_16_n6.txt,True,50,7,4,True,False,False,False,False
Math_16,Math_16_n1.txt,False,174,2,1,True,False,False,False,False
Math_16,Math_16_n7.txt,True,70,7,1,True,False,False,False,False
Math_16,Math_16_n9.txt,False,306,2,1,True,False,False,False,False
Math_21,Math_21_n9.txt,False,135,1,1,False,True,False,False,False
Math_21,Math_21_n7.txt,False,210,1,1,False,False,False,False,False
Math_21,Math_21_n8.txt,False,126,1,1,False,True,False,False,False
Math_2,Math_2_n1.txt,True,51,8,2,True,False,False,False,False
Math_2,Math_2_n8.txt,True,47,8,4,True,False,False,False,False
Math_2,Math_2_n5.txt,True,55,8,1,True,False,False,False,False
Math_2,Math_2_n4.txt,True,50,1,1,True,False,False,False,False
Math_2,Math_2_n2.txt,True,47,8,1,True,False,False,False,False
Math_2,Math_2_n7.txt,True,50,1,1,True,False,False,False,False
Math_25,Math_25_n6.txt,False,183,1,1,False,False,False,False,False
Math_26,Math_26_n7.txt,False,88,2,1,True,False,False,False,False
Math_26,Math_26_n6.txt,False,364,4,1,True,False,False,False,False
Math_26,Math_26_n10.txt,True,57,1,1,True,False,False,False,True
Math_26,Math_26_n2.txt,False,95,2,1,True,False,False,False,False
Math_26,Math_26_n9.txt,False,68,1,1,True,False,False,False,True
Math_26,Math_26_n3.txt,False,96,4,1,True,False,False,False,False
Math_26,Math_26_n1.txt,False,68,1,1,True,False,False,False,False
Math_26,Math_26_n5.txt,False,60,4,1,True,False,False,False,False
Math_26,Math_26_n4.txt,False,90,4,1,True,False,False,False,False
Math_26,Math_26_n8.txt,False,127,1,1,True,False,False,False,False
Math_27,Math_27_n5.txt,True,55,1,1,True,False,False,False,False
Math_27,Math_27_n6.txt,True,83,1,1,True,False,False,False,False
Math_27,Math_27_n9.txt,False,95,1,1,True,False,False,False,False
Math_27,Math_27_n8.txt,True,72,1,1,True,False,False,False,False
Math_27,Math_27_n7.txt,True,93,2,1,True,False,False,False,False
Math_27,Math_27_n2.txt,False,71,1,1,True,False,False,False,False
Math_27,Math_27_n10.txt,False,104,1,1,True,False,False,False,False
Math_27,Math_27_n1.txt,True,91,2,1,True,False,False,False,False
Math_27,Math_27_n4.txt,False,64,1,1,True,False,False,False,False
Math_27,Math_27_n3.txt,True,76,1,1,True,False,False,False,False
Math_30,Math_30_n4.txt,False,102,5,1,True,False,False,False,False
Math_30,Math_30_n3.txt,False,66,1,1,True,True,False,False,False
Math_30,Math_30_n7.txt,True,102,5,1,True,False,False,False,False
Math_30,Math_30_n8.txt,True,91,5,2,True,False,False,False,False
Math_30,Math_30_n2.txt,True,98,5,1,True,False,False,False,False
Math_30,Math_30_n1.txt,True,93,1,1,True,False,False,False,False
Math_29,Math_29_n3.txt,False,135,1,1,False,False,False,False,False
Math_29,Math_29_n9.txt,False,259,1,1,False,False,False,False,False
Math_29,Math_29_n6.txt,True,256,1,1,False,False,False,False,False
Math_3,Math_3_n1.txt,True,34,7,3,True,True,False,True,False
Math_3,Math_3_n5.txt,False,46,1,1,True,True,False,False,False
Math_3,Math_3_n4.txt,True,41,7,2,True,True,False,True,False
Math_3,Math_3_n2.txt,True,41,7,1,True,True,False,True,False
Math_3,Math_3_n3.txt,False,46,1,1,True,True,False,False,False
Math_3,Math_3_n9.txt,True,41,7,1,True,True,False,True,False
Math_35,Math_35_n7.txt,True,54,1,1,False,False,False,False,False
Math_35,Math_35_n2.txt,True,54,1,1,False,False,False,False,False
Math_35,Math_35_n10.txt,True,54,1,1,False,False,False,False,False
Math_35,Math_35_n4.txt,True,54,1,1,False,False,False,False,False
Math_35,Math_35_n1.txt,True,54,2,2,False,False,False,False,False
Math_36,Math_36_n9.txt,False,161,1,1,False,False,False,False,False
Math_36,Math_36_n4.txt,False,63,1,1,False,False,False,False,False
Math_36,Math_36_n3.txt,False,98,1,1,False,True,False,False,False
Math_38,Math_38_n2.txt,True,102,1,1,False,True,False,False,False
Math_39,Math_39_n1.txt,False,179,1,1,False,False,False,False,False
Math_41,Math_41_n9.txt,False,151,1,1,False,True,False,False,False
Math_41,Math_41_n10.txt,True,81,1,1,False,False,False,False,False
Math_41,Math_41_n4.txt,False,76,1,1,False,False,False,False,False
Math_41,Math_41_n5.txt,False,97,2,1,False,False,False,False,False
Math_41,Math_41_n8.txt,False,98,3,1,False,False,False,False,False
Math_41,Math_41_n3.txt,False,98,3,1,False,False,False,False,False
Math_41,Math_41_n2.txt,False,88,1,1,False,False,False,False,False
Math_41,Math_41_n6.txt,False,91,1,1,False,False,False,False,False
Math_41,Math_41_n1.txt,False,83,3,1,False,False,False,False,False
Math_41,Math_41_n7.txt,False,81,2,1,False,False,False,False,False
Math_45,Math_45_n1.txt,False,69,1,1,True,False,False,False,False
Math_45,Math_45_n9.txt,False,84,1,1,True,False,False,False,False
Math_45,Math_45_n7.txt,True,39,1,1,True,False,False,False,False
Math_45,Math_45_n3.txt,False,71,1,1,True,False,False,False,False
Math_45,Math_45_n2.txt,False,105,1,1,True,True,False,False,False
Math_43,Math_43_n2.txt,True,90,9,1,False,False,False,False,False
Math_43,Math_43_n1.txt,True,100,9,1,False,False,False,False,False
Math_43,Math_43_n6.txt,False,83,9,1,False,False,False,False,False
Math_43,Math_43_n9.txt,False,98,9,1,False,False,False,False,False
Math_43,Math_43_n7.txt,False,88,9,1,False,False,False,False,False
Math_43,Math_43_n8.txt,False,85,9,1,False,False,False,False,False
Math_43,Math_43_n3.txt,True,90,9,1,False,False,False,False,False
Math_43,Math_43_n4.txt,True,85,9,1,False,False,False,False,False
Math_43,Math_43_n5.txt,True,90,9,1,False,False,False,False,False
Math_48,Math_48_n6.txt,False,77,2,1,False,True,False,False,False
Math_48,Math_48_n4.txt,False,69,2,1,False,True,False,False,False
Math_47,Math_47_n10.txt,False,89,2,1,False,False,False,False,False
Math_47,Math_47_n5.txt,False,70,1,1,False,False,False,False,False
Math_47,Math_47_n6.txt,False,145,2,1,False,False,False,False,False
Math_50,Math_50_n6.txt,False,100,1,1,False,True,False,False,False
Math_52,Math_52_n1.txt,True,144,4,1,False,False,False,False,False
Math_52,Math_52_n5.txt,True,135,4,3,False,False,False,False,False
Math_5,Math_5_n1.txt,True,27,10,10,False,False,False,False,False
Math_55,Math_55_n6.txt,True,85,6,2,False,False,False,False,False
Math_55,Math_55_n3.txt,True,85,6,1,False,False,False,False,False
Math_55,Math_55_n4.txt,True,85,6,3,False,False,False,False,False
Math_54,Math_54_n2.txt,True,59,1,1,False,False,False,False,False
Math_54,Math_54_n4.txt,True,61,7,6,False,False,False,False,False
Math_54,Math_54_n10.txt,True,59,1,1,False,False,False,False,False
Math_54,Math_54_n7.txt,True,43,7,1,False,False,False,False,False
Math_54,Math_54_n3.txt,False,95,1,1,False,False,False,False,False
Math_58,Math_58_n8.txt,True,137,1,1,True,False,False,False,True
Math_60,Math_60_n1.txt,True,79,1,1,True,False,False,False,False
Math_60,Math_60_n6.txt,True,61,1,1,True,False,False,False,True
Math_59,Math_59_n2.txt,True,24,10,10,False,False,True,False,False
Math_62,Math_62_n4.txt,False,39,1,1,True,False,False,False,False
Math_6,Math_6_n5.txt,True,137,6,2,False,False,False,False,False
Math_6,Math_6_n8.txt,True,186,6,1,False,False,False,False,False
Math_6,Math_6_n4.txt,True,175,6,2,False,False,False,False,False
Math_6,Math_6_n10.txt,True,175,6,1,False,False,False,False,False
Math_64,Math_64_n9.txt,False,12,1,1,False,False,False,False,False
Math_64,Math_64_n2.txt,False,23,1,1,False,False,False,False,False
Math_71,Math_71_n1.txt,False,136,2,1,False,False,False,False,False
Math_71,Math_71_n5.txt,False,136,4,2,False,False,False,False,False
Math_71,Math_71_n6.txt,False,136,4,1,False,False,False,False,False
Math_71,Math_71_n3.txt,False,139,2,1,False,False,False,False,False
Math_71,Math_71_n7.txt,False,136,2,1,False,False,False,False,False
Math_71,Math_71_n8.txt,True,134,2,1,False,False,False,False,False
Math_71,Math_71_n2.txt,False,136,4,1,False,False,False,False,False
Math_74,Math_74_n9.txt,False,629,1,1,True,False,False,False,False
Math_75,Math_75_n4.txt,False,50,5,1,False,False,False,False,False
Math_75,Math_75_n1.txt,False,67,5,1,False,False,False,False,False
Math_75,Math_75_n5.txt,False,70,5,1,False,False,False,False,False
Math_75,Math_75_n2.txt,False,92,1,1,False,False,False,False,False
Math_75,Math_75_n10.txt,False,78,1,1,False,False,False,False,False
Math_75,Math_75_n7.txt,False,55,5,1,False,False,False,False,False
Math_75,Math_75_n8.txt,False,50,5,1,False,False,False,False,False
Math_76,Math_76_n3.txt,False,88,8,1,True,False,False,False,False
Math_76,Math_76_n6.txt,False,86,8,3,True,False,False,False,False
Math_76,Math_76_n9.txt,False,101,8,2,True,False,False,False,False
Math_76,Math_76_n4.txt,False,100,8,1,True,False,False,False,False
Math_76,Math_76_n1.txt,False,86,1,1,True,True,False,False,False
Math_76,Math_76_n8.txt,False,100,8,1,True,False,False,False,False
Math_77,Math_77_n10.txt,False,96,5,1,False,False,False,False,False
Math_77,Math_77_n1.txt,True,94,5,1,False,False,False,False,False
Math_77,Math_77_n5.txt,False,93,1,1,False,False,False,False,False
Math_77,Math_77_n2.txt,True,136,2,1,False,False,False,False,False
Math_77,Math_77_n6.txt,True,97,5,1,False,False,False,False,False
Math_77,Math_77_n8.txt,False,93,5,1,False,False,False,False,False
Math_77,Math_77_n7.txt,True,79,1,1,False,False,False,False,False
Math_77,Math_77_n3.txt,True,119,5,1,False,False,False,False,False
Math_77,Math_77_n4.txt,False,166,2,1,False,False,False,False,False
Math_77,Math_77_n9.txt,True,94,1,1,False,False,False,False,False
Math_79,Math_79_n8.txt,True,82,9,1,True,True,False,True,False
Math_79,Math_79_n2.txt,True,82,9,1,True,True,False,True,False
Math_79,Math_79_n4.txt,True,82,9,1,True,True,False,True,False
Math_79,Math_79_n7.txt,True,82,9,1,True,True,False,True,False
Math_79,Math_79_n3.txt,True,82,9,1,True,True,False,True,False
Math_79,Math_79_n5.txt,True,82,9,1,True,True,False,True,False
Math_79,Math_79_n6.txt,True,102,9,1,True,True,False,True,False
Math_79,Math_79_n1.txt,True,82,9,1,True,True,False,True,False
Math_79,Math_79_n9.txt,True,82,9,1,True,True,False,True,False
Math_80,Math_80_n9.txt,True,401,10,3,False,False,False,False,False
Math_80,Math_80_n2.txt,True,401,10,1,False,False,False,False,False
Math_80,Math_80_n1.txt,True,401,10,1,False,False,False,False,False
Math_80,Math_80_n4.txt,True,129,10,1,False,False,False,False,False
Math_80,Math_80_n10.txt,True,401,10,4,False,False,False,False,False
Math_81,Math_81_n8.txt,False,310,9,8,True,True,False,False,False
Math_81,Math_81_n6.txt,True,55,9,1,True,True,False,False,False
Math_8,Math_8_n8.txt,True,107,4,2,True,True,False,False,False
Math_8,Math_8_n6.txt,True,107,1,1,True,False,False,False,False
Math_8,Math_8_n3.txt,True,128,1,1,True,False,False,False,False
Math_8,Math_8_n1.txt,True,128,1,1,True,False,False,False,False
Math_8,Math_8_n2.txt,True,128,1,1,True,False,False,False,False
Math_8,Math_8_n4.txt,True,123,4,1,True,True,False,False,False
Math_8,Math_8_n7.txt,True,86,4,1,True,True,False,False,False
Math_88,Math_88_n4.txt,False,20,1,1,False,False,False,False,False
Math_88,Math_88_n2.txt,False,14,1,1,False,False,False,False,False
Math_89,Math_89_n6.txt,False,106,10,1,True,True,False,False,True
Math_89,Math_89_n10.txt,False,55,10,3,True,True,False,False,False
Math_89,Math_89_n5.txt,False,58,10,1,True,True,False,False,False
Math_89,Math_89_n2.txt,False,57,10,1,True,True,False,False,False
Math_89,Math_89_n4.txt,False,70,10,1,True,True,False,False,True
Math_89,Math_89_n8.txt,False,72,10,1,True,True,False,False,True
Math_89,Math_89_n1.txt,False,57,10,1,True,True,False,False,False
Math_89,Math_89_n7.txt,False,57,10,1,True,True,False,False,False
Math_96,Math_96_n9.txt,False,73,1,1,False,False,False,False,False
Math_96,Math_96_n5.txt,False,73,1,1,False,False,False,False,False
Math_96,Math_96_n6.txt,False,76,1,1,False,False,False,False,False
Math_96,Math_96_n2.txt,False,73,1,1,False,False,False,False,False
Math_97,Math_97_n6.txt,True,75,2,1,True,True,False,True,False
Math_97,Math_97_n9.txt,True,89,2,1,True,True,False,True,False
Math_97,Math_97_n7.txt,False,79,2,1,True,False,False,False,True
Math_97,Math_97_n5.txt,False,107,2,1,True,False,False,False,True
Math_93,Math_93_n4.txt,False,19,1,1,False,False,False,False,False
Math_93,Math_93_n6.txt,False,55,2,1,False,False,False,False,False
Math_93,Math_93_n2.txt,False,43,2,1,False,False,False,False,False
Math_93,Math_93_n5.txt,True,31,2,1,False,False,False,False,False
Math_93,Math_93_n10.txt,True,75,2,1,False,False,False,False,False
Math_93,Math_93_n7.txt,True,43,1,1,False,False,False,False,False
Math_92,Math_92_n9.txt,True,21,10,10,False,False,False,False,False
Math_94,Math_94_n9.txt,True,39,9,8,True,False,False,False,False
Math_94,Math_94_n3.txt,True,49,9,1,True,False,False,False,False
Math_98,Math_98_n7.txt,True,140,1,1,True,False,False,False,False
Math_98,Math_98_n10.txt,False,110,1,1,True,True,False,False,False
Math_90,Math_90_n3.txt,False,57,9,3,True,True,False,True,False
Math_90,Math_90_n4.txt,False,57,9,1,True,True,False,True,False
Math_90,Math_90_n7.txt,False,57,9,3,True,True,False,True,False
Math_90,Math_90_n9.txt,False,72,1,1,True,False,False,False,True
Math_90,Math_90_n6.txt,False,55,9,1,True,True,False,True,False
Math_90,Math_90_n5.txt,False,86,9,1,True,True,False,True,True
Math_91,Math_91_n9.txt,True,41,10,1,False,False,False,False,False
Math_91,Math_91_n7.txt,True,58,10,1,False,False,False,False,False
Math_91,Math_91_n2.txt,True,58,10,3,False,False,False,False,False
Math_91,Math_91_n6.txt,True,56,10,1,False,False,False,False,False
Math_91,Math_91_n4.txt,True,41,10,1,False,False,False,False,False
Math_91,Math_91_n3.txt,True,56,10,1,False,False,False,False,False
Math_91,Math_91_n1.txt,True,66,10,1,False,False,False,False,False
Math_91,Math_91_n8.txt,False,58,10,1,False,False,False,False,False
Math_99,Math_99_n6.txt,False,33,6,6,False,False,False,False,False
Math_99,Math_99_n7.txt,False,33,1,1,False,False,False,False,False
Math_99,Math_99_n9.txt,True,33,1,1,False,False,False,False,False
Math_99,Math_99_n3.txt,False,33,1,1,False,False,False,False,False
Math_99,Math_99_n1.txt,False,33,1,1,False,False,False,False,False
Time_10,Time_10_n6.txt,True,47,5,1,True,True,False,False,False
Time_10,Time_10_n9.txt,True,49,5,4,True,True,False,False,False
Time_12,Time_12_n4.txt,False,62,1,1,False,False,False,False,False
Time_12,Time_12_n3.txt,True,60,1,1,False,False,False,False,False
Time_12,Time_12_n9.txt,False,94,2,1,False,False,False,False,False
Time_12,Time_12_n7.txt,True,61,2,1,False,False,False,False,False
Time_13,Time_13_n4.txt,True,28,10,8,False,False,True,False,False
Time_13,Time_13_n9.txt,True,23,10,2,False,False,True,False,False
Time_14,Time_14_n9.txt,False,70,1,1,True,True,False,True,False
Time_15,Time_15_n6.txt,True,34,1,1,True,False,False,False,False
Time_15,Time_15_n8.txt,True,33,3,3,True,False,False,False,False
Time_15,Time_15_n7.txt,True,34,1,1,True,False,False,False,False
Time_15,Time_15_n10.txt,True,35,1,1,True,False,False,False,False
Time_15,Time_15_n2.txt,True,44,3,2,True,False,False,False,False
Time_15,Time_15_n1.txt,True,44,1,1,True,False,False,False,False
Time_15,Time_15_n5.txt,True,34,3,1,True,False,False,False,False
Time_16,Time_16_n1.txt,False,60,1,1,False,False,True,False,False
Time_16,Time_16_n5.txt,True,93,1,1,False,False,True,False,False
Time_16,Time_16_n8.txt,False,69,1,1,False,False,True,False,False
Time_16,Time_16_n7.txt,False,60,1,1,False,False,True,False,False
Time_17,Time_17_n1.txt,False,95,1,1,False,False,False,False,False
Time_17,Time_17_n3.txt,False,105,2,1,False,False,False,False,False
Time_17,Time_17_n5.txt,False,105,2,1,False,False,False,False,False
Time_18,Time_18_n8.txt,True,127,4,2,True,True,False,True,False
Time_18,Time_18_n10.txt,True,100,4,1,True,True,False,True,False
Time_18,Time_18_n9.txt,True,72,4,1,True,True,False,True,False
Time_19,Time_19_n3.txt,True,51,3,1,False,False,False,False,False
Time_19,Time_19_n4.txt,False,52,2,1,False,False,True,False,False
Time_19,Time_19_n7.txt,False,135,1,1,False,False,False,False,False
Time_19,Time_19_n10.txt,True,139,3,1,False,False,False,False,False
Time_19,Time_19_n2.txt,False,201,2,1,False,False,True,False,False
Time_19,Time_19_n9.txt,True,46,3,1,False,False,False,False,False
Time_2,Time_2_n1.txt,True,35,8,8,False,True,False,False,False
Time_4,Time_4_n6.txt,True,90,6,1,False,False,False,False,False
Time_4,Time_4_n1.txt,True,107,6,2,False,False,False,False,False
Time_4,Time_4_n3.txt,True,81,6,2,False,False,False,False,False
Time_4,Time_4_n4.txt,True,45,1,1,False,False,False,False,False
Time_4,Time_4_n2.txt,True,44,6,1,False,False,False,False,False
Time_4,Time_4_n7.txt,False,128,2,1,False,True,False,False,False
Time_4,Time_4_n10.txt,False,69,2,1,False,True,False,False,False
Time_4,Time_4_n5.txt,True,59,1,1,False,False,False,False,False
Time_3,Time_3_n6.txt,True,73,1,1,False,False,True,False,False
Time_3,Time_3_n7.txt,True,78,1,1,False,False,True,False,False
Time_5,Time_5_n1.txt,False,115,1,1,True,False,False,False,False
Time_5,Time_5_n6.txt,False,185,1,1,True,False,False,False,False
Time_5,Time_5_n2.txt,False,161,2,1,True,False,False,False,False
Time_5,Time_5_n3.txt,False,158,2,1,True,False,False,False,False
Time_7,Time_7_n3.txt,True,103,10,3,False,True,False,False,False
Time_7,Time_7_n8.txt,True,98,10,7,False,True,False,False,False
Time_9,Time_9_n10.txt,False,71,1,1,False,False,False,False,False
Time_9,Time_9_n9.txt,True,120,2,1,False,False,False,False,False
Time_9,Time_9_n1.txt,False,119,1,1,False,False,False,False,False
Time_9,Time_9_n3.txt,True,188,2,1,False,False,False,False,False
Time_8,Time_8_n5.txt,True,17,6,2,False,True,False,False,False
Time_8,Time_8_n2.txt,True,31,6,3,False,True,False,False,False
Time_8,Time_8_n1.txt,False,78,1,1,False,False,False,False,False
Time_8,Time_8_n7.txt,False,75,1,1,False,False,False,False,False
Time_8,Time_8_n8.txt,True,44,6,1,False,True,False,False,False
Time_8,Time_8_n10.txt,False,53,1,1,False,False,False,False,False
